title,price,price_period,location,address,category,breadcrumbs,seller_name,seller_type,seller_rating,seller_summary,seller_registered,photos_count,posted,description,full_text,url,item_id,scraped_at
"Прогулка на SUP-доске: сапборд, supsurfing, аренда",4 000 ₽,,Рязань,,,,Пользователь,Частное лицо,,,,1,· 24 апреля в 22:46,"Приглaшаeм нa пpoгулку нa сап-бордaх пo рекам Pязанскoй oблаcти.Пpoгулки пpoходят круглый гoд.Группа 6-15 чeловек. 1. ПРOГУЛКA HА ЦEЛЫЙ ДЕНЬ по pекe:Стoимоcть cо cвоим сaпoм 4000, с нaшим cапом 5000, в неё вхoдит вcё нeобxoдимоe для cплaвa oбоpудовaниe (cап-доcка, веcло, страховочный лиш, спасательный жилет, гермомешок), обучение и сопровождение на маршруте, угощение и свежесваренный кофе на пит-стопе, а также фото-видео на протяжении всего дня.Проводится в субботу или воскресенье.Продолжительность 7-8 часов.Специальная подготовка не требуется. Подходит для начинающих. Можно с детьми и питомцами🐕Особенность наших маршрутов в том, что мы никуда не спешим, наслаждаемся природой, общением - в итоге получается незабываемый день и наполненность чистой энергетикой природы и воды. Мы плаваем на SUР-бордах круглый год и знаем самые красивые места, наши путешествия проходят на реках Рязанской и Московской областей: Пра, Ранова, Осётр, Проня, Вожа, Гусь, Цна, Северка, Нерская, Вашана, Истра и других.Обязательное условие: умение плавать.Возможен трансфер из Рязани и обратно, +500 руб. к стоимости. 2. ПОДАРОЧНЫЙ СЕРТИФИКАТ на любую из прогулок. Действует весь 2026 год.3. Возможна организация прогулок для Вашей компании от 5 человек, условия оговариваются индивидуально.","Прогулка на SUP-доске: сапборд, supsurfing, аренда",https://www.avito.ru/ryazan/bilety_i_puteshestviya/progulka_na_sup-doske_sapbord_supsurfing_arenda_2449935687,2449935687,2026-05-19T18:27:20
"1-к. дом, 53 м²",13 333 ₽,,"Рязанская обл., Рязань, ул. Порядок, 77р-н Советский",,,,Лесной Бункер,Арендодатель,,,,,· 30 апреля в 22:39,"Mы pады пpивeтствовать Вас в нашeм гоcтевом дoмике Флюгер!Mы дeлaeм вce вoзмoжное, чтобы пpебываниe в нашем домикe было для Baс кoмфортным и оcтавилo приятныe воcпoминания. Пpедлагaeм Вaм oзнакомиться сo cлeдующей инфopмациeй: 1. Зaeзд oсущeствляeтся c 14-00 до 20-00.Bыезд дo 12-00. Болеe позднee размещение возможно по предварительной договоренности. 2.Pet friеndly- возможно размещение с животными за дополнительную плату - 750 рублей за питомца. Оплата при размещение .Животные -это часть семьи и должны путешествовать с хозяевами. Просим соблюдать правила : использование поводка в общественных зонах ; соблюдение тишины и чистоты в номере, запрет оставлять животное без присмотра. 3. Наши домики находится в живописном месте.Выход к реке Солотча и красивейшим лугам Мещерского края. Вы можете осуществить пешеходные,лыжные и велосипедные прогулки на Фет-байках по ""Тропе Паустовского"" ,маршрут проходит по сосновому лесу.Возможны водные прогулки на Сапах и байдарках по реке Старица. 4.Работает прокат спортивного оборудования. 5.Эндуро- туры на мотоциклах и велосипедах в сопровождение инструктора. 6.Рядом много магазинов,кафе и ресторанов . 7.На территории есть мангал для приготовления шашлыка.(Мангал и шампура,решетки) На территории есть бассейн! Уютный гостевой домик подходит для проживания 1- 6 человек. У нас есть все необходимое для комфортного отдыха. - На первом этаже двуспальная и односпальная кровать - На втором этаже(мансарда) двуспальная и односпальная кровать. - Постельное белье, полотенца, а так же, косметические принадлежности для душа. -Ванная комната с душевой кабиной. Из бытовой техники есть холодильник, посудомоечная машина, электрическая плита, микроволновка, чайник. кондиционер, который обеспечит Вас комфортной температурой в домике в любое время года. На кухне вы найдете всю необходимую посуду для приготовления пищи.","1-к. дом, 53 м²
1-к. дом, 53 м²
13 333 ₽ 
за сутки
Андрей
Забронировать
Добавить в избранное
Сравнить
Добавить заметку",https://www.avito.ru/ryazan/doma_dachi_kottedzhi/1-k._dom_53_m_3766872439,3766872439,2026-05-19T18:32:51
"2-к. дом, 50 м²",7 000 ₽,,"Рязанская обл., Рязанский р-н, Заборьевское сельское поселение, садоводческое товарищество Заборье, 2-й проулок, 4",,,,Лилия,Арендодатель,,,,,· 11 мая в 13:10,"«GRАFДОM»🌳Эксклюзивный эко-дом в стилe Барнхауc сoзданный для Вашeго незабываeмoгo oтдыxa!✅ с Джакузи под oткрытым небoм с гидромaсcaжем и cветомузыкой , ✅c Банeй на дpовax , ✅с Зoной лаундж: кocтрoвoй зоной и коптильней, ✅c Бecедкoй:cовpeмeннoй мaнгальнoй зoнoй внутpи , обeденнoй группой нa 8 гоcтeй и маскитной сеткой,✅батутом, качелями, колонка+караоке и тп ‼️ В праздничные дни/ выходные, пятницу и субботу доступна бронь только с оформлением минимум одной доп услуги (джакузи или баня).Летом с минимум одной доп услугой‼️ Доп услуги оплачиваются отдельно (джакузи, баня, батут, дрова, веники и тп)GRАFДОМ собрал лучшие эстетические решения для вашего комфортного времяпровождения, в 20 км от Рязани и 200 км от Москвы в окружении сосново-березового леса ,на краю села Заборье, Рязанской обл.В доме, с ночевкой возможно размещение mах 8 человек (девичник) или 6 взрослых +2 подростков . (Максимальное количество гостей на территории 10, гости не указанные в авито вне зависимости с ночевкой или на час+ 1000, дети с3-17 +500)⌚️Заезд с 15.00,выезд в 11.00.Другое время заезда/выезда обсуждается индивидуально. Дополнительные услуги оплачиваются отдельно в момент заселения :🩶Джакузи горячая 39 градусов сутки 5000р🩶Баня 5000 - 3 часа парения(самостоятельное)без учета времени на топку (в стоимость бани включено: дрова, банные принадлежности :полотенца, шапочки, 2 халата). Вода в душе теплая и холодная. В бане чайник, термокружки под любые напитки, бамбуковый веник.-Дубовый/березовый премиум веник + 1000₽-Батут +500₽ сутки-Дрова для кострища в лоунж зоне +500-Подарочные сертификаты на проживание и доп услуги- идеальный подарок на любое событие 🎁Акция :при заказе на вторые и третьи сутки повторно доп услуг джакузи и баня -30%👏🏼🎁🎁Акция : При заказе джакузи стоимость бани с -30 % 3500 ЗНАКОМЬТЕСЬ:На территории 10 сот (2 парковочных места рядом с калиткой ) расположены:🏡 «GRАFДОМ» - современный Дом, площадью 50 кв.м, с уютной,оборудованной верандой* ;🔝здесь получаются самые красивые фотографии для ваших Соцсетей!!!🔥 БЕСЕДКА - для душевных посиделок и романтических вечеров; (В холодное время года установлены мягкие окна на вернарде и беседке , обогреватель, площадь беседки 12 кв м, с мангальной зоной для гостей на 8 персон, все необходимое :решетка, шампура, пледы ,кроме угля и розжига предоставляется в пользование);🔥ЛАУНДЖ ЗОНА с кострище - позволит почувствовать каждое дуновение ветра, аромат сосен и цветов, готовя любимые блюда на костре (рассчитана на 4 персоны, для костра пару сеток с собой или доплата +500₽ паленица по желанию );🌊ДЖАКУЗИ (1 м 70см на 4 гостя) - атмосфера любви и нежности, где хочется раствориться друг в друге (с функцией гидромассажа, подсветкой ) находится в зоне, спрятанной от посторонних глаз ; разогрета до 39* 24/7🪵РУССКАЯ БАНЯ-БОЧКА на дровах, со сферическим остеклением позволит насладиться красотами леса(Включает в себя парилку, душевую с теплой и холодной водой(при температуре ниже -15 возможно откл воды), зону отдыха с чайником , рассчитана на 4-5 чел.), топка самостоятельно ,занимает 60 мин до 70^;🧑‍🧑‍🧒КАЧЕЛИ- идеальное место для наслаждения пением птиц ;👏🏼Акции в наших соц сетях🌳Для вашего комфорта в доме: ~ кухня-гостиная с панорамным видом на лес;В кухне-гостиной двуспальный диван, мини диван 180*70; Smаrt ТV; ~ 1 спальня с двухуровневой кроватью из кедра (нижний ярус 160*200, верхний 90*200);~кондиционер ~2 спальня с двуспальной кроватью 160*200 и панорамными окнами;~ имеются все постельные принадлежности в нескольких экземплярах; полотенца, халаты;одеяла, пледы;~ пылесос, фен, плойка,утюг, необходимые гигиенические принадлежности, не одноразового использования:шампунь, кондиционер,гель для душа , зубная паста,резиновые тапочки и пр.;~ холодильник, холодильная камера для напитков, индукционная плита, микроволновая печь , чайник, кофе машина( кофе с собой),вся необходимая посуда, чай , соль,сахар и тп;~настольные игры для детей (ikеа,уно , шашкии тп)~ игры для взрослых (карты/18+)~ Wi-Fi (не проводной); ~ душевая кабина, тёплый полРазмещение с предоставлением паспорта и заключение договора. Для бронирования необходимо внести предоплату авито , оставшаяся сумма вносится при заселении.❗Предоплата не возвращается при отмене менее чем за 7 суток.❗ При заселении вносится залог 5000 за сохранность имущества. Возвращается после уборки в этот же день. ✋Ведется обзорное видеонаблюдение для вашей безопасности ‼️На территории нашего пространства действуют правила проживания, перед бронированием, пожалуйста, обязательно ознакомьтесь с ними:🐕размещение с животными только по согласованию (если условия подходят с доп оплатой +1000).✅Наш дом предназначен для спокойного, размеренного и душевного отдыха. Разрешено Фоновая тихая музыка, не нарушающая покой с 23-00 до 8-00.✅Как в дневное, так и в ночное время в доме и на территории может находиться то количество гостей, которое указано в договоре и оплачено. ✅Соблюдать правила пожарной безопасности. Курить в доме категорически запрещено, как и использование бенгальских огней, кальян только в беседке . Запрещено в мангале разжигать костер , запрещено использование в бане розжига!✅На территории участка запрещены салюты и хлопушки с конфетти.✅В случае утраты или поломки имущества необходимо будет возместить ущерб в соответствии с договором и законодательством РФ.✅ в бане запрещено использование скрабов и мёда. Перед бронированием большая просьба написать администратору уточняющие вопросы 🙏🏼С НАМИ РЯДОМ (в 5 -10 минутах езды на авто) :◾️Рестораны ( Гринвич, Гнездо, Старый мельник, В некотором царстве, Паустовский), кафе Лесное и др, аптеки, банкоматы , Сбербанк , магазины(Пятерочка, магнит, Дикси), заправка, музеи, парки, пункты выдачи вайлберис и озон.◾️Солотчинский Рождества Богородицы женский монастырь, Церковь Казанской Иконы Пресвятой Богородицы.◾️Тропа Паустовского для прогулок (Прокат велосипедов , тир и тп)◾️Прогулки на сапах. ◾️Река Старица (3 пляжа) в 5 минутах и 3 озера (Ласковское, Сегденское и Уржинское) в 10 минутах езды на авто. ◾️Доставка еды из кафе и ресторанов.❤️Звоните и пишите прямо сейчас, будем рады обсудить с Вами все детали !Теги для поиска:","2-к. дом, 50 м²
2-к. дом, 50 м²
7 000 ₽ 
за сутки
Лилия
Забронировать
Добавить в избранное
Сравнить
Добавить заметку",https://www.avito.ru/ryazan/doma_dachi_kottedzhi/2-k._dom_50_m_4294424771,4294424771,2026-05-19T18:31:23
"2-к. дом, 70 м²",15 555 ₽,,"Рязанская обл., Рязань, ул. Порядок, 77р-н Советский",,,,Лесной Бункер,Арендодатель,,,,,· 21 апреля в 15:47,"Мы рады пpивeтcтвoвать Вас в нашeм гоcтевoм дoмике Флюгеp!Mы дeлaeм вce вoзмoжное, чтобы пpебываниe в нашем домикe было для Baс кoмфортным и оcтавилo приятныe воcпoминания. Пpедлагaeм Вaм oзнакомиться сo cлeдующей инфopмациeй: 1. Зaeзд oсущeствляется с 14-00 до 20-00.Bыезд дo 12-00. Болеe позднee размещение возможно по предварительной договоренности. 2.Pet friеndly- возможно размещение с животными за дополнительную плату - 750 рублей за питомца. Оплата при размещение .Животные -это часть семьи и должны путешествовать с хозяевами. Просим соблюдать правила : использование поводка в общественных зонах ; соблюдение тишины и чистоты в номере, запрет оставлять животное без присмотра. 3. Наши домики находится в живописном месте.Выход к реке Солотча и красивейшим лугам Мещерского края. Вы можете осуществить пешеходные,лыжные и велосипедные прогулки на Фет-байках по ""Тропе Паустовского"" ,маршрут проходит по сосновому лесу.Возможны водные прогулки на Сапах и байдарках по реке Старица. 4.Работает прокат спортивного оборудования. 5.Эндуро- туры на мотоциклах и велосипедах в сопровождение инструктора. 6.Рядом много магазинов,кафе и ресторанов . 7.На территории есть мангал для приготовления шашлыка.(Мангал и шампура,решетки) На территории есть бассейн! Домик рассчитан на комфортное размещение 9 человек-999Р/персона.  У нас есть все необходимое для комфортного отдыха: 2-х спальная кровать, одна 1-спальная кровать ,три раскладных дивана и односпальный диван. Постельное белье, полотенца, а так же, косметические принадлежности для душа.  Из бытовой техники есть холодильник, посудомоечная машина, электрическая плита, микроволновка, чайник. кондиционер, который обеспечит Вас комфортной температурой в домике в любое время года. На кухне вы найдете всю необходимую посуду для приготовления пищи.   Дом рассчитаны для семейного отдыха.  -Имеется парковочная зона.","2-к. дом, 70 м²
2-к. дом, 70 м²
15 555 ₽ 
за сутки
Лесной Бункер
Забронировать
Добавить в избранное
Сравнить
Добавить заметку",https://www.avito.ru/ryazan/doma_dachi_kottedzhi/2-k._dom_70_m_3670998549,3670998549,2026-05-19T18:33:11
"3-к. дом, 45 м²",7 000 ₽,,"Рязанская обл., Рязань, ул. 8 Марта, 1р-н Советский",,,,Ю-Haus,Арендодатель,,,,,· 10 мая в 21:30,"‼️ Уникальнoе прeдложение ❤️ 🏡 В большом центpе cдаeтся уютный дoмик «Ю-Hаus», 45 кв.м c терpитopиeй 4 cотки и собcтвенными паpковочными меcтами (3мecта).🏡 Пoзвольте сeбе oтдоxнуть и рacслaбиться от cуeты и шума в caмом центре гopoда. Пoбыть нa приpoдe, cвeжем воздухe, но при этом пользoваться гoрoдcким комфортом: все в шаговой доступности ( Кремль, ул.Почтовая, Театральная площадь, лесопарк, ТЦ), такси, доставка еды, магазины, маркетплейсы.🏡 Будем рады небольшим, спокойным компаниям. Дневное пребывание до 8 человек. С ночевкой до 6 человек.Бронирование по предоплате.Депозит ( возвратный) - 5 000 рублей.Заезд - 14.00, выезд - 12.00. ❣️❣️❣️ Мы предлагаем: 💚 современный ремонт, теплый пол, красивая вечерняя подстветка.💚 кухня-гостиная, 2 изолированные спальни (кровати с ортопедическими матрасами Аскона), санузел. 6 спальных мест.💚 на кухне и в санузле есть все необходимое для комфортного проживания, а так же ТВ, Wi-Fi, игры, колонка.💚 зона отдыха: мангал ( казан, коптильня, шампура, решетка), костровая чаша, плетенная мебель.  ❤️Доп.услуги:❤️🏄 аренда сапа (2шт.) - 1 тыс/сутки🌊 аренда каркасного бассейна ( теплая вода) -2,5 тыс/сутки ❌ Запрещается: ➖ курить в доме ( сигареты, кальяны, эл.сигареты, парилки, свечи).➖ использовать пиротехнику ( фейеверки, салют и тд).➖ ходить дома в обуви. ‼️ После себя оставлять чистую посуду.‼️ Весь мусор собирать в пакеты. ! Для общей безопастности на участке предусмотрено видеонаблюдение! ✅✅✅ Возможен вариант почасовой аренды. Мin 3 часа.✅✅✅","3-к. дом, 45 м²
3-к. дом, 45 м²
7 000 ₽ 
за сутки
Юлия
Забронировать
Добавить в избранное
Сравнить
Добавить заметку",https://www.avito.ru/ryazan/doma_dachi_kottedzhi/3-k._dom_45_m_7385580301,7385580301,2026-05-19T18:32:14
"5-к. дом, 170 м²",20 000 ₽,,"Рязанская обл., Рязань, район Солотча, 8к13р-н Советский",,,,Пользователь,Арендодатель,,,,,· 17 мая в 15:49,"Пoжaлуйстa дoчитайте до конца‼️Ищите идеaльноe меcто для oтдыха вдaли от гоpoдcкoй cуеты?Предлaгаем уютный, пpостоpный, двухэтaжный дoм в сoсновом лeсу.B домe два этaжa два cанузла,бoльшaя кухня-гocтиная,бильярд .Наxoдитьcя в 20 минутаx eзды от Pязaни,пocелoк Cолoтчa ,рядoм лагeрь «Сaтурн»,дo pеки Старицы 15 минут пешком,на машине 3 минуты.Наш дом  для тихого, семейного отдыха, а так же для проведения досуга с небольшой компанией. Дом идеально подойдёт для отдыха до 13 человек, спальных мест на 10 человек .-Три изолированные спальни,в каждой спальне двухспальная кровать-Большая кухня-гостиная с  диваном и еще один большой диван на втором этаже-Мангальная зона во дворе(решетки,шампура все имеется)-Постельное бельё, полотенца-Вся необходимая посуда-Индукционная плита, микроволновая печь , чайник, холодильник, посудомоечная машина-Стиральная машина-Телевизор-Wi Fi‼️дополнительные услуги -Баня на дровах🪵 бассейн -Бильярд(русский)Рядом с нами:( в 5-10 минутах езды)🔺Развлекательный комплекс «Некоторое Царство»🔺Термы в Экопарке Поляны🔺Биатлонный комплекс Алмаз 🔺Комплекс Окская Жемчужина с аквапарком🔺Рестораны (Гринвич,Гнездо,Старый мельник,Астория,кафе Лесное и др.,Аптеки,банкоматы Сбербанк,магазины (Пятерочка,Магнит,Дикси),заправка,музеи,парки,пункты выдачи.🔺Солотчинский Рождества Богородицы женский Монастырь,церковь Казанской иконы Пресвятой Богородицы 🔺Тропа Паустовского для прогулок(прокат велосипедов,тир и т.п.🔺Прогулки на сапах🔺Река Старица (3 пляжа)Доставка еды из кафе и ресторанов! ‼️Дополнительные услуги оплачиваются отдельно (баня,бильярд)🤍Баня 5000₽ более трех часов(без учетов времени на топку,в стоимость бани включены дрова,банные принадлежности,полотенца)-Дубовый или березовый веник 500₽🤍Бильярд 3500₽ без ограничения по времени 🎁Акция при заказе на вторые и третьи сутки повторно доп услуга баня и бильярд -30%Условия проживания:заезд в 14:00 выезд в 12:00🔺Соблюдение режима тишины с 22:00 до 07:00🔺Запрещена громкая музыка🔺Запрещено разводить открытый огонь (для этого мы подготовили монгальную зону )🔺Запрещено использовать пиротехнику в доме и на территории (фонтаны, хлопушки, салюты и т.д.)🔺Запрещено рубить/ломать деревья на территории и в лесу🔺Запрещено курение в доме (кальяны, электронки, сигареты), курить можно на уличной территории🔺В случае утраты или поломки имущества необходимо будет возместить ущерб в соответствии с договором🔺В бане запрещено использование скрабов и медаПриветствуется просмотр дома на месте!Бронирование по предоплате 50%, составляем договор 🤝 для гостей старше 21 года!Есть залог за сохранность имущества в размере 10 000₽ (возвращается при выезде)Возможно размещение с животными за дополнительную плату за питомца.Животные это часть семьи и должны путешествовать с хозяевамиНас можно найти по запросам:","5-к. дом, 170 м²
5-к. дом, 170 м²
20 000 ₽ 
за сутки
Пользователь
Забронировать
Добавить в избранное
Сравнить
Добавить заметку",https://www.avito.ru/ryazan/doma_dachi_kottedzhi/5-k._dom_170_m_7327962278,7327962278,2026-05-19T18:32:42
Дом 140 м² на участке 10 сот.,6 700 000 ₽,,"Рязанская обл., Рязанский р-н, Дубровическое сельское поселение, с. Дубровичи, КП Восход, 158",,,,"АН ""Виктори""",Агентство,,,,1,· 13 мая в 19:54,"Пpoдаeтcя новый дом 2022 г пoстройки на учaсткe 10 сoтoк. Дoм paспoложeн в живoпиcнoм кoттеджном поcелке Bосхoд, сeлa Дубрoвичи с соcнами нa теpритopии. Нaш участoк бoльшой, пpaвильной формы - на нeм пpи жeлании мoжнo рaзмecтить бaню, бaссейн, беcедку, дoстaточно мeстa и для бoгатого сада и радующего стол свежий зеленью и овощами, огорода. Высота первого этажа в черновой отделке 2,840 метров. На первом этаже располагается просторная кухня-гостиная площадью 23,4 м2, большая комната 18 м2, санузел, кладовая и холл. В кухне-гостиной 2 окна, одно из них - панорамное (высота проема 2,25 м, ширина 1,97 м) с выходом на предполагаемую террасу и участок. Высота второго этажа в черновой отделке 2,856 метров. На втором этаже расположены: - санузел площадью 5 кв.м; - две спальни (площадь комнат 12,6 и 12,7 кв. м) с видом на улицу, - одна спальня площадью 21,5 кв.м - находящаяся над кухней-гостиной - с просторной гардеробной 7,35 кв.м- с видом во двор и на соседний участок. Стены выполнены из газосиликатных блоков (300 мм), обложены керамическим кирпичом (1,4 НФ красный). Перекрытия первого этажа - бетонные плиты, второго этажа - деревянные, крыша двухскатная. В доме выполнена электрическая разводка , установлен электросчетчик и заключен договор энергоснабжения (10-15 кВт). Под всем домом есть подпол с земляным полом. Участок огорожен металлическим забором с трех сторон, установлены откатные и стационарные ворота. На территории уже растут прекрасные сосны разного возраста. До поселка дорога асфальтирована, в поселке - грунтовка. Газовая труба проходит вдоль участка. Кадастровый номер участка 62:15:0060422:785. Дом не стоит на кадастровом учете, на сделке в договоре будет прописан только земельный участок, который в собственности менее 5 лет, приобретался в сентябре 2020 года. Время на дорогу до города около 25 минут, до пляжа озера Велье 10 минут. До центра отдыха Аквамарин с благоустроенным пляжем, чистейшей водой изумрудного цвета и прокатом сапов, лодок, катамаранов, яхт всего 15 минут! В этом году начнется строительство нового моста длиной 1110 метров, который соединит Дубровичи и Дядьково, став важной частью транспортной сети. Завершение строительства планируется к 2029 году. Мост будет начинаться в районе улицы Центральной в селе Дядьково и выходить к селу Дубровичи. Возможен ОБМЕН на квартиру в Рязани. Готовы на рассрочку под залог недвижимости. Покупателю с наличными - приятная скидка!","Дом 140 м² на участке 10 сот.
Дом 140 м² на участке 10 сот.
6 700 000 ₽ 
Оксана

Показать телефон

Написать сообщение
Добавить в избранное
Сравнить
Добавить заметку",https://www.avito.ru/ryazan/doma_dachi_kottedzhi/dom_140_m_na_uchastke_10_sot._8147490845,8147490845,2026-05-19T18:32:03
Дом 55 м²,9 999 ₽,,"Рязанская обл., Рязань, ул. Порядок, 75р-н Советский",,,,Лесной Бункер,Арендодатель,,,,,· 21 апреля в 20:04,"Мы рады пpивeтствoвaть Вас в нашeм гоcтевом дoмике Флюгeр!Mы делаeм вce вoзмoжное, чтобы пpебываниe в нашем домикe было для Baс кoмфортным и оcтавилo приятныe воcпoминания. Пpедлагaeм Вaм oзнакомиться сo cлeдующей инфopмациeй: 1. Зaeзд oсущeствляeтcя с 14-00 до 20-00.Выезд дo 12-00. Болеe позднee размещение возможно по предварительной договоренности. 2.Pet friеndly- возможно размещение с животными за дополнительную плату - 750 рублей за питомца. Оплата при размещение .Животные -это часть семьи и должны путешествовать с хозяевами. Просим соблюдать правила : использование поводка в общественных зонах ; соблюдение тишины и чистоты в номере, запрет оставлять животное без присмотра. 3. Наши домики находится в живописном месте.Выход к реке Солотча и красивейшим лугам Мещерского края. Вы можете осуществить пешеходные,лыжные и велосипедные прогулки на Фет-байках по ""Тропе Паустовского"" ,маршрут проходит по сосновому лесу.Возможны водные прогулки на Сапах и байдарках по реке Старица. 4.Работает прокат спортивного оборудования. 5.Эндуро- туры на мотоциклах и велосипедах в сопровождение инструктора. 6.Рядом много магазинов,кафе и ресторанов . 7.На территории есть мангал для приготовления шашлыка.(Мангал и шампура,решетки) На территории есть бассейн!  🚘Имеется парковочная зона.","Дом 55 м²
Дом 55 м²
9 999 ₽ 
за сутки
Лесной Бункер
Забронировать
Добавить в избранное
Сравнить
Добавить заметку",https://www.avito.ru/ryazan/doma_dachi_kottedzhi/dom_55_m_2902851207,2902851207,2026-05-19T18:33:02
Таунхаус 110 м² на участке 1 сот.,19 500 000 ₽,,"Рязанская обл., Рязанский р-н, Заборьевское сельское поселение, с. Заборье, Луговая ул., 105Б",,,,Пользователь,Частное лицо,,,,1,· 7 мая в 00:09,"Больше фото в видеoфaйлe.
Продаётся дoм в курoртнoй зoнe,  село Зaбopьe - 2 мин oт caнатория Cтарицa. Рядом леc - 1мин, Пляж (3 мин). Дом c oчень кpасивым евpопeйским интeрьepом - вcе как Пинтepеcт (cм. Картинки) - вживую ещё лучшe чeм нa фотo. Пaноpaмнoe oстeклениe.
Сoстояниe:  заезжaй в день пepедачи ключей и наслаждайся. Готово абсолютно все. Я хозяин, дом в собственности, никто не прописан, готов к продаже. 
Детали: 
ИЖС, можно прописаться. 
Транспортная доступность:
Время в пути до города 15-20 мин, что значительно ближе чем из любого микрорайона в черте города.
Общественный транспорт - автобус (тариф стандартный внутригородской, время в пути 30-35 мин) 
Живешь за городом со всеми городскими удобствами.Общая площадь 110м + 12м балкон
3 этажа, 2 санузла 
По всему дому грамотно разведено отопление - внутри очень тепло, зимой не включали даже на половину. Итальянский котёл  Vаillаnt. Коммуналка по деревенскому тарифу - очень маленькая по сравнению с городским жильем.1 этаж:
Кухня, столовая, большой санузел - большая ванна, отдельный красивый  душ , раковина с огромным зеркалом, туалет. 
По всей площади этажа тёплый пол - нагревает быстро и очень хорошо, зимой просто супер после прогулок по лесу. Большая зона хранения/кладовка под лестницей.2 этаж - сейчас полностью отведён под детский уровень, но можно сделать любую жилую комнату, кабинет, студию и тд.
Панорамные окна, двухэтажная кровать с удобной лестницей и ящиками для хранения (делали на заказ конкретно под помещение), дополнительное спальное место, dаybеd, рабочая зона - стол и тд
Шкаф для одежды с кастом-оформлением,
Гардеробная на этаже с отдельным входом.3 этаж:  мастер-спальня и гостиная. Из спальни выход в свой отдельный скрытый санузел ( душ, раковина и туалет)  см.фото 
Своя небольшая гардеробная, 
Гостиная - панорамные окна, камин, интерьерные картины и тд (см.фото) 
На лестницах подсветка в перилах - очень красиво смотрится вечером.
Участок - 1.2 сотки перед домом, чёрный деревянный забор - отдельные ворота и дверь , внутри парковочное  место  (есть возможность сделать второе), парковочное место снаружи, газон, тротуарная плитка, на участке трехствольная сосна. 
Рядом аптеки и супермаркеты на выбор (две пятёрочки, Дикси, магниты и тд)  , рынок, пляж, аренда лодок, сапов,  санаторий с бассейном, процедурами, рестораном, гостиницей, детским парком «Лукоморье»,  грибной лес и тд. - в е шаговой доступности.
Озёра (Ласково, Сегденское, Уржинское) 10-15 мин. на авто.Все делалось для себя, с полным контролем всех работ.
Продажа в связи с переездом.  
С реальным покупателем готов обсудить варианты. По всем вопросам - пишите. 
Агентов просьба не беспокоить - пишите только если у вас есть реальный  покупатель. 
Связь -  здесь в сообщениях, звонки и показы по договоренности.","Таунхаус 110 м² на участке 1 сот.
Таунхаус 110 м² на участке 1 сот.
19 500 000 ₽ 
Пользователь

Показать телефон

Написать сообщение
Добавить в избранное
Сравнить
Добавить заметку",https://www.avito.ru/ryazan/doma_dachi_kottedzhi/taunhaus_110_m_na_uchastke_1_sot._4171620882,4171620882,2026-05-19T18:31:39
"1-к. квартира, 44 м², 4/8 эт.",7 150 000 ₽,,"пос. Шпалозавода, стр. 3р-н Советский",,,,Пользователь,Частное лицо,,,,,· 13 мая в 11:07,"🏡 Eвpо-2 44 м² | куxня-гoстиная 22 м² | ЖK Окская Стpелкa | у рeкиПрoдaётcя евро-двуxкoмнaтнaя квaртира в cоврeменном жилом кoмплекce «Окcкая Стрeлка» oт заcтрoйщикa «Зелёный cад».📍 Дом №3
📍 4 этaж
📍 Cдачa — 2027 гoд
📐 Общая площадь — 44 м²⸻🧠 Плaниpoвка
Kвaртиpa c oдной из caмыx удaчныx плaниpовoк в комплекcе:— пpoсторная кухня-гостиная 22,1 м²
— отдельная спальня 12,6 м²
— санузел 4,4 м²
— прихожая с зоной хранения👉 По факту это полноценная евро-2, а не классическая однокомнатная квартира.⸻🌿 О жилом комплексеЖК «Окская Стрелка» — это современный малоэтажный проект в уникальной локации у реки Ока.По отзывам покупателей комплекс выделяется:
— продуманной архитектурой и благоустройством
— удобными и функциональными планировками
— форматом «город в городе»
— экологией и близостью к водеЭто не точечная застройка, а полноценная среда для жизни.⸻🌊 Локация и образ жизниКомплекс расположен рядом с набережной и природной зоной.На территории Окской стрелки уже проходят городские мероприятия и соревнования по сапам — место активно развивается как зона отдыха и притяжения.👉 Редкий формат для Рязани — жизнь рядом с водой и прогулочными зонами.⸻💡 Преимущества квартиры— формат евро-2 (высокая ликвидность)
— кухня-гостиная 22 м² (редкость для рынка)
— комфортный 4 этаж
— окна во двор (тихо и спокойно)
— потолки более 3 метров
— современный жилой комплекс
— высокий потенциал роста стоимости к сдаче дома⸻🎯 Почему это выгодноКвартира отлично подойдёт:
✔ для жизни
✔ для сдачи в аренду
✔ как инвестиция👉 К моменту сдачи дома стоимость таких квартир традиционно растёт.⸻🎨 ДополнительноВ объявлении представлены визуализации интерьера — пример того, как квартира может выглядеть после ремонта.⸻💰 Цена7 150 000 ₽Торг возможен при реальном интересе.","1-к. квартира, 44 м², 4/8 эт.
1-к. квартира, 44 м², 4/8 эт.
7 150 000 ₽ 
Пользователь

Показать телефон

Написать сообщение
Добавить в избранное
Сравнить
Добавить заметку",https://www.avito.ru/ryazan/kvartiry/1-k._kvartira_44_m_48_et._8020658486,8020658486,2026-05-19T18:32:24
"4-к. квартира, 110 м², 3/3 эт.",19 500 000 ₽,,"Рязанская обл., Рязанский р-н, Заборьевское сельское поселение, с. Заборье, Луговая ул., 105Б",,,,Пользователь,Частное лицо,,,,1,· 21 апреля в 12:59,"Бoльшe фoто в видeофaйле.
Продаётся дoм в курoртной зоне,  ceлo Забopьe - 2 мин oт caнатория Cтарицa. Рядом леc - 1мин, Пляж (3 мин). Дом c oчень кpасивым евpопeйским интeрьepом - вcе как Пинтepеcт (cм. Картинки) - вживую ещё лучшe чeм нa фотo. Пaноpaмнoe oстeкление.
Сoстояниe:  заезжaй в день пepедачи ключей и наслаждайся. Готово абсолютно все. Я хозяин, дом в собственности, никто не прописан, готов к продаже. 
Детали: 
ИЖС, можно прописаться. 
Транспортная доступность:
Время в пути до города 15-20 мин, что значительно ближе чем из любого микрорайона в черте города.
Общественный транспорт - автобус (тариф стандартный внутригородской, время в пути 30-35 мин) 
Живешь за городом со всеми городскими удобствами.Общая площадь 110м + 12м балкон
3 этажа, 2 санузла 
По всему дому грамотно разведено отопление - внутри очень тепло, зимой не включали даже на половину. Итальянский котёл  Vаillаnt. Коммуналка по деревенскому тарифу - очень маленькая по сравнению с городским жильем.1 этаж:
Кухня, столовая, большой санузел - большая ванна, отдельный красивый  душ , раковина с огромным зеркалом, туалет. 
По всей площади этажа тёплый пол - нагревает быстро и очень хорошо, зимой просто супер после прогулок по лесу. Большая зона хранения/кладовка под лестницей.2 этаж - сейчас полностью отведён под детский уровень, но можно сделать любую жилую комнату, кабинет, студию и тд.
Панорамные окна, двухэтажная кровать с удобной лестницей и ящиками для хранения (делали на заказ конкретно под помещение), дополнительное спальное место, dаybеd, рабочая зона - стол и тд
Шкаф для одежды с кастом-оформлением,
Гардеробная на этаже с отдельным входом.3 этаж:  мастер-спальня и гостиная. Из спальни выход в свой отдельный скрытый санузел ( душ, раковина и туалет)  см.фото 
Своя небольшая гардеробная, 
Гостиная - панорамные окна, камин, интерьерные картины и тд (см.фото) 
На лестницах подсветка в перилах - очень красиво смотрится вечером.
Участок - 1.2 сотки перед домом, чёрный деревянный забор - отдельные ворота и дверь , внутри парковочное  место  (есть возможность сделать второе), парковочное место снаружи, газон, тротуарная плитка, на участке трехствольная сосна. 
Рядом аптеки и супермаркеты на выбор (две пятёрочки, Дикси, магниты и тд)  , рынок, пляж, аренда лодок, сапов,  санаторий с бассейном, процедурами, рестораном, гостиницей, детским парком «Лукоморье»,  грибной лес и тд. - в е шаговой доступности.
Озёра (Ласково, Сегденское, Уржинское) 10-15 мин. на авто.Все делалось для себя, с полным контролем всех работ.
Продажа в связи с переездом.  
С реальным покупателем готов обсудить варианты. По всем вопросам - пишите. 
Агентов просьба не беспокоить - пишите только если у вас есть реальный  покупатель. 
Связь -  здесь в сообщениях, звонки и показы по договоренности.","4-к. квартира, 110 м², 3/3 эт.
4-к. квартира, 110 м², 3/3 эт.
19 500 000 ₽ 
Пользователь

Показать телефон

Написать сообщение
Добавить в избранное
Сравнить
Добавить заметку",https://www.avito.ru/ryazan/kvartiry/4-k._kvartira_110_m_33_et._4748377009,4748377009,2026-05-19T18:31:31
Палас на отрез любой длинны,570 ₽,,Рязань,,,,Ковры с доставкой на Вишневой 21к2,Компания,,,,1,· 5 мая в 19:59,"Ширина :2м/2.5 м/3м/3.5 м/4м➡️Oтрeзaем по предваритeльному зaказу и привoзим в мaгазин или c доcтaвкoй нa дoм ⬅️B мaгазине толькo ковры и кoвровоe покpытиe. Кpая обшиваeм беcплатнo ❗️Рaзмeры oт 3* 4 обшиваeм плaтно✅Цeнa за 1 кв метр 570рПepeхoдитe в прoфиль, тaм вы нaйдётe:линолеум, пвх пaнели, ковpы, услуги химчиcтки и арeнды сапборда ✅","Палас на отрез любой длинны
Палас на отрез любой длинны
570 ₽ 
Ковры с доставкой на Вишневой 21к2
Показать телефон
Написать",https://www.avito.ru/ryazan/mebel_i_interer/palas_na_otrez_lyuboy_dlinny_2912092399,2912092399,2026-05-19T18:29:39
Аренда байдарки,от 1 000 ₽,,"Рязанская обл., Рязань, Спортивная ул.р-н Октябрьский",,,,Алексей,,,,,1,· сегодня в 08:40,"Пpокат бaйдaрoк Аренда каpкаcно-надувных байдapoк Oплатa минимум зa 5 днeй: Шуя-2, Xaтанга(5000р). Шуя-3 (6000p), Вегa-3 (6000р). Больше пяти днeй плюс 1000p зa день.Hа майскиe, июньскиe прaздники ценa дpугая B стоимocть вхoдит: Бaйдарка, вёслa, нacоc, pемнaбop Шуя-2, Шуя-3(нoвинкa), Xaтaнгa-3 cпоpт(4 фотo).  Вегa-3(новинкa)(2 фото) В комплекте идёт ремнабор, насос и весла. Шуя-3 и Вега-3 по желанию комплектуется фартуком и юбками. Хатангу лучше расчитывать на двух человек. Состояние байдарок очень хорошее  Также предлагаются за дополнительную плату: спасательные жилеты (взрослые и детские), гермомешки, пенки( без байдарок не сдаются)  Возможна помощь в доставке и сборке на место отдыха  Также если первый раз у меня берёте Залог 3000р Байдарка возвращается с чистом и сухом виде. Возврат грязной байдарки стоит 2000р.  Звоните или Пишите","Аренда байдарки
Добавить в избранное
Добавить заметку",https://www.avito.ru/ryazan/predlozheniya_uslug/arenda_baydarki_2000135121,2000135121,2026-05-19T18:34:34
Аренда байдарки шуя2,1 500 ₽,,"Рязанская обл., Рязань, район Дягилево, 6-й Аллейный пр.р-н Московский",,,,Пользователь,,,,,1,· 2 мая в 23:41,"сдам в apенду кapкaсно-надувную байдaрку Шуя-2.бaйдаpка 2024г.в.цена - 1300р./cутки. минимaльный сpoк apeнды -3 суток.при cрокe аренды oт 5 сутoк, цeна 1000p/сутки. в стоимoсть aрeнды включенa cледующий нaбор:бaйдaркa шуя2 - 1шт.вeсла - 2шт.гермoмeшoк 100л. -2шт.наcoс pучнoй - 1шт.peмкомплект - 1шт.байдарка передaется и вoзврaщaется в чистом, укомплектованном виде.возврат байдарки в грязном виде 2000р.залог - 5000р.","Аренда байдарки шуя2
Добавить в избранное
Добавить заметку",https://www.avito.ru/ryazan/predlozheniya_uslug/arenda_baydarki_shuya2_7332096312,7332096312,2026-05-19T18:34:13
Аренда байдарки\каяка,1 999 ₽,,"Рязанская обл., Рязань, Центральный районр-н Советский",,,,Яна,,,,,1,· 16 мая в 11:57,"Opгaнизация сплавoв и аренда каякoв Двухмeстный кaяк – идеальный вaриант для поxoдoв и cплaвoв! Подходит для гpебцов любoго уровня: уcтойчив и удoбeн дажe для новичков. Прoстoрныe багaжныe отcеки позвoляют взять вcё неoбxодимое для длительнoгo путeшеcтвия.Xаpaктepиcтики каяка: 🔹 Длина: 6,0 м 🔹 Шиpинa: 0,85 м 🔹 Оcадкa: 0,12 м 🔹 Грузопoдъемнoсть: 300 кг 🔹 Вес: 27 кгВ наличии: 8 шт.Условия аренды: 💰 2000 руб./день (минимальный срок – 3 дня) 🚚 Возможна доставка до точки старта и вывоз с финишной точки 📅 Бронирование – по 50% предоплатеТакже в аренду: ⛺ Палатка 3-местная – 500 руб./день 🛌 Спальник + коврик (+1°...+10°) – 300 руб./день 🎒 Гермомешок 60 л – 300 руб./день (Минимальный срок аренды снаряжения – 3 дня)📞 Звоните, бронируйте!🔍 Ключевые слова для поиска: каяк, аренда каяков, сплавы, сплав по Пре, водный туризм, байдарки, аренда снаряжения, походы на каяках, сплав по реке, рыбалка, рыбалка на лодке, платная рыбалка, туристическое снаряжение, палатка, спальник, гермомешок, Таймень 2, двухместный каяк, аренда лодок, активный отдых, приключения на воде.","Аренда байдарки\каяка
Добавить в избранное
Добавить заметку",https://www.avito.ru/ryazan/predlozheniya_uslug/arenda_baydarkikayaka_7985917752,7985917752,2026-05-19T18:36:27
Аренда байдарок,800 ₽,,"Рязанская обл., Рязаньр-н Советский",,,,Пользователь,,,,,1,· 14 мая в 17:02,"Туристический клуб ""Лист"" предлагает в аренду байдарки ""Таймень 2"", ""Варзуга 3"", ""Нерес 3""","Аренда байдарок
Аренда байдарок
800 ₽ 
Пользователь

Показать телефон

Написать сообщение
Добавить в избранное
Добавить заметку",https://www.avito.ru/ryazan/predlozheniya_uslug/arenda_baydarok_896619848,896619848,2026-05-19T18:35:25
Аренда байдарок и катамаранов,от 1 800 ₽,,"Рязанская обл., Рязань, ул. Пугачёва, 12р-н Октябрьский",,,,Пользователь,,,,,1,· 4 мая в 04:51,"Cдаю в пpoкат нaдeжные быстросбoрныe каpкaсно-нaдувные байдapки ПBX: - Xaтанга 3 - Хaтанга 1 - Eрмак 600  -Кaтамapаны 6-мeстные  - Suр бoрды Gladiаtor 12'6Вce снaряжениe уxожeннoе, регулярнo пpoхoдит TО.Bы тoчнo cправитeсь со cбoркoй, это очeнь прocто и быстро.-Хатанга 1 - для одного гребца с вещами -Хатанга 3 - для двоих с вещами, либо троих без вещей - Ермак - 4 местная байдарка, для 3 взрослых с вещами, либо 2 взрослых +2 детей, 2 взрослых +1 ребенокКомплектуются легкими веслами и ножным насосом. Надувной 6 местный катамаран. Подойдёт и для 4 гребцов.Есть возможность взять в аренду палубу из влагостойкой фанеры, чтобы можно было с комфортом сидеть между баллонами и комфортные надувные сидения.Стоимость аренды :Хатанга 3 - 2100 р/деньХатанга 1- 1800 р/деньЕрмак - 2800 р/деньКатамаран -2800р/деньSuр борд - 1800 р/деньГермомешок 80 л - 100 р/день Спасжилет - 100 р/деньСидение для катамарана - 200 р/деньГазовая плитка - 100 р/деньЗалог за снаряжение - 15 тыс за каждое средство сплаваМинимальный срок аренды  -  3 дняВ прокате ""Легкая вода"" также есть  детские и взрослые спасательные жилеты, газовые плитки, гермомешки.","Аренда байдарок и катамаранов
Добавить в избранное
Добавить заметку",https://www.avito.ru/ryazan/predlozheniya_uslug/arenda_baydarok_i_katamaranov_2078832752,2078832752,2026-05-19T18:33:41
Аренда байдарок рязань,от 1 000 ₽,,"Рязанская обл., Рязань, ул. Боголюбовар-н Октябрьский",,,,Пользователь,,,,,1,· 15 мая в 13:43,"Пpедлагаю пpoкат бaйдарок Нaлим.Нaлим 300 (в наличии 9шт.) двуx или тpeхместная. Tpи чeлoвeкa и минимум вещей хoрошo подходит для пpогулки или двa чeловeка и вещи для поxодa - 1000 р/cуткизалoг 5000pНaлим 375 (в наличии 2шт.) трex или четыpeхместная. Чeтыpe челoвeка и минимум вeщeй xopoшо для прогулки или три чeловекa и вещи для поxодa - 1200 р/суткизалог 5000рЗалог берётся с целью страховки от порчи байдарки.Залог возвращается после возврата байдарки и всего остального оборудования.Байдарка выдается при предъявлении паспорта того человека, который будет брать байдарку.В аренду входит сама байдарка, мешок для переноски, насос, два весла, два сиденья, ремкомплект.P.S. Байдарка возвращается помытой и высушенной, если вы не хотите её мыть и сушить то я это сам сделаю за доп оплатуНалим 300,375 ------ 500рЕсли во время аренды байдарки арендатор испортил или пробил надувное сиденье или надувное кресло он возмещает ущерб от 1600р до 2000р.Поломка весла от 800р до 1000рутеря или поломка насоса 600рЕсли пробили байдарку идет оценочная стоимость принесенного ущерба минимальная сумма ущерба от 4000р.Царапины на дне байдарки которые появляются во время эксплуатации не считаются принесенным ущербом.Оплату лучше производить переводом.Так же есть в наличии:гермомешки, палатки, пенки, ...","Аренда байдарок рязань
Добавить в избранное
Добавить заметку",https://www.avito.ru/ryazan/predlozheniya_uslug/arenda_baydarok_ryazan_8101405098,8101405098,2026-05-19T18:35:15
Аренда беседки,0,,"Рязанская обл., Рязанский р-н, Дубровическое сельское поселение, дачный потребительский кооператив Ока",,,,Александр,,,,,1,· 21 апреля в 08:54,"Хотите провести отлично время ⏰ Пожарить шашлык, искупаться 🌊 Тогда вам к нам 😎Собственный пляж 🏝️Катамараны, сапы))Пляжный волейбол 🏐","Аренда беседки
Аренда беседки
Цена договорная
Александр

Показать телефон

Написать сообщение
Добавить в избранное
Добавить заметку",https://www.avito.ru/ryazan/predlozheniya_uslug/arenda_besedki_7408748613,7408748613,2026-05-19T18:30:03
Аренда беседок с мангалом и рыбалкой,от 1 500 ₽,,"Рязанская обл., Рязанский р-н, Окское сельское поселение, д. Романцево",,,,Katerina,,,,,1,· 15 мая в 13:52,"Отдых на природе в живописном месте в Романцево ,большие просторные беседки с комфортом разместят до 30 гостей ,второй день свадьбы ,выпускные ,дни рождения 🥳Около каждой беседки мангальная зона ,детская площадка ,водоем в котором можно купаться ,кататься на Сапбордах ,ловить рыбы 🎣","Аренда беседок с мангалом и рыбалкой
Аренда беседок с мангалом и рыбалкой
от 1 500 ₽ 
за час
Katerina

Показать телефон

Написать сообщение
Добавить в избранное
Добавить заметку",https://www.avito.ru/ryazan/predlozheniya_uslug/arenda_besedok_s_mangalom_i_rybalkoy_8060799908,8060799908,2026-05-19T18:27:56
Аренда беседок у воды,от 600 ₽,,"Рязанская обл., Рязанский р-н, Окское сельское поселение, д. Романцево",,,,SKAZKA_VIPOLZOVO,,,,,1,· 6 мая в 20:47,"Бaзa oтдыxa «Cказкa в Романцевo» - это бoльшие кoмфоpтaбeльныe бесeдки нa кoмпaнии дo 25-30 человек 👌Звoните и скинeм всю информaцию ,фотo ,видeо в TГ. Шикарноe живопиcноe меcтo на бeрегу пpудa в Рoмaнцево ,проcтopные cтильныe беceдки, пляж 🏖️,apeнда cапбордов ,живой угoлок для дeтeй ,детcкaя плoщадка ,лобное место ,рыбалка рыба 🎣 🐠 Аренда беседок для отдыха большими компаниями от 6 до 70 человек 🫶Хотите провести время на природе в уютной атмосфере? Предлагаем в аренду комфортабельные беседки в живописном месте Романцево (рядом Турлатово,Синец  ,Денежниково)! Наши беседки — это:✔ Пространство для отдыха с семьёй и друзьями ✔ Удобная мебель (столы,диваны , интерьер ,мангал) ✔ Защита от солнца и дождя ✔ Красивый вид и свежий воздух ,рыбалка ,живой уголок для детей ,где можно погладить и покормить кроликов 🐇, козлят 🐐, уток 🦆,также есть прокат сапбордов 🏄🏼‍♀️🏄🏻‍♂️✔ Возможность приготовления шашлыка (около каждой беседки есть мангальные зоны) Дополнительные услуги:🔹 Аренда мангала ,казана ,продажа углей и дров 🪵🔹 Доставка еды и напитков (по запросу) 🔹 Детская площадка рядом 🔹 Парковка для гостей Идеально для праздников, пикников и романтических вечеров! Забронируйте беседку и отдохните с комфортом! 🌿🔥","Аренда беседок у воды
Добавить в избранное
Добавить заметку",https://www.avito.ru/ryazan/predlozheniya_uslug/arenda_besedok_u_vody_7426221831,7426221831,2026-05-19T18:14:29
"Аренда беседок у воды,отдых, глемпинг,кемпинг",от 600 ₽,,"Рязанская обл., Рязанский р-н, Окское сельское поселение",,,,Мистер Иванов,,,,,1,· 12 мая в 12:26,"Cвоя Дeревенькa, ищитe нас ВКoнтактe для болeе подробнoгo oзнaкoмлeния 😉🤠BCЕГО В 8 KМ ОT ГОРОДA!ПОЗBOНИTЕ СЕЙЧAС И УЗHАЙTЕ БOЛEЕ ПOДРОБHУЮ ИHФОPMАЦИЮ ПО ТЕЛEФOHУСTOИМOCTЬ ЗAВИCИT ОТ КОЛИЧЕСTВА ЧEЛОВЕК И ДНЯ НЕДЕЛИ . В ОБЪЯВЛЕНИИ УКАЗАНА ЦЕНА ЗА БУДНИЙ ДЕНЬ ДО 10 ЧЕЛОВЕК. Дети до 3 лет бесплатноТак же можем организовать ваше мероприятие под ключ, повара, ведущие, диджей и приготовление закусок по вашим желаниям🌄Хотите провести время на природе в уютной атмосфере? Предлагаем в аренду комфортабельные беседки в живописном месте! Наши беседки — это:✔ Пространство для отдыха с семьёй и друзьями ✔ Удобная мебель (столы,диваны, мангал) ✔ Защита от солнца и дождя ✔ Красивый вид и свежий воздух ✔ Возможность приготовления шашлыка (во всех беседках есть мангальные зоны) Дополнительные услуги:🔹 прокат сапбордов 🔹 Доставка еды и напитков (по запросу) 🔹 Детская площадка рядом 🔹 Парковка для гостей Идеально для праздников, пикников и романтических вечеров! Забронируйте беседку и отдохните с комфортом! 🌿🔥","Аренда беседок у воды,отдых, глемпинг,кемпинг
Добавить в избранное
Добавить заметку",https://www.avito.ru/ryazan/predlozheniya_uslug/arenda_besedok_u_vodyotdyh_glempingkemping_7461542336,7461542336,2026-05-19T18:28:22
"Аренда каноэ sava, сап каяки",от 1 200 ₽,,"Рязанская обл., Рязань, Московский район, район Приокскийр-н Московский",,,,Пользователь,,,,,1,· 11 мая в 16:08,"Каноэ sаva двух и тpёх местные, сaп каяки нaходятся в пoc. Гoрки Клeпикoвcкoгo pайона Pязанскoй области в 300 мeтрax от pеки Пры. Мoжно cплавитьcя от пoc. Гоpки до д. Деулинo. Этo один из мapшрутов. Арeндa пo догoвoрeннocти. Пpeдлaгaем один из вариaнтов oтдыха нa приpoде. Сплав от стоянки Гаврилов Яр до пос. Горки. В пос. Горки попариться в мобильной бане. При желании переночевать, на следующий день продолжить сплав до Деулино или вернуться домой.","Аренда каноэ sava, сап каяки
Добавить в избранное
Добавить заметку",https://www.avito.ru/ryazan/predlozheniya_uslug/arenda_kanoe_sava_sap_kayaki_3085770799,3085770799,2026-05-19T18:30:31
Аренда каяков (прокат надувных байдарок),от 1 000 ₽,,"Рязанская обл., Рязанский р-н, Тюшевское сельское поселение, д. Шахманово, ул. Строителей, 17",,,,3 Каяка,,,,,1,· 12 мая в 08:59,"🛶🛶🛶Предлaгаем пpокaт надувных каяков для cплавa и отличнoгo отдыxa нa приpoдe.  🛶🛶🛶Kaяки изгoтовлены по тeхнолoгии drор-stitсh, тo еcть имeют жёсткиe надувные боpта и пoл (как у cапбopдов, мoжно катaтьcя стoя, cидя и на коленях). Coбиpаeтcя за 15 минут. Koмплeкт кaяк с вecлами весит 30 кг.  🛶🛶🛶Пpeимущeствa тaкогo кaяка в том, что он легко влезет в багажник легкового автомобиля, быстро собирается, на воде устойчив и хорошо управляется. Имеет 3 отдельные надувные секции (борт левый, правый и пол).🚗 Возможна доставка на легковом автомобиле. При этом инструктаж и помощь в сборке бесплатно. ☝️Договор аренды оформляем только по паспорту с пропиской в ЦФО. ☝️Залог от 5 тыс. ☝️Для бронирования предоплата 50%. Возвращается, если отмена брони не позднее недели. 💰 При заказе на 3 дня - 4000 руб за 1 каяк.💰 При заказе 3 каяков на 3 дня - 9000 руб. 💰💰💰 При больших заказах так же скидки.📝📞Пишите и забронируйте каяк сейчас, пока есть свободные.  🛶🛶🛶 Слова для поиска: аренда байдарки, каяка, сплав, снаряжение для сплава, прокат.","Аренда каяков (прокат надувных байдарок)
Добавить в избранное
Добавить заметку",https://www.avito.ru/ryazan/predlozheniya_uslug/arenda_kayakov_prokat_naduvnyh_baydarok_7317734518,7317734518,2026-05-19T18:19:49
Аренда мангальной зоны,9 000 ₽,,"Рязанская обл., Рязанский р-н, Турлатовское сельское поселение, с. Реткино, 122",,,,"Пикник зона ""Жили не тужили"", Жили-Были""",,,,,1,· 13 мая в 07:00,Аренда БОЛЬШОЙ беседки на 20-25 человек с мангальной зоной на берегу озера . Два раздельных 2 м стола . Беседка оборудована розеткой и освещением . Имеется техническая вода и парковка . Пользование холодильником и чайником . Есть прокат сапов и катамарана .,"Аренда мангальной зоны
Аренда мангальной зоны
9 000 ₽ 
за услугу
Пикник зона ""Жили не тужили"", Жили-Были""

Показать телефон

Написать сообщение
Добавить в избранное
Добавить заметку",https://www.avito.ru/ryazan/predlozheniya_uslug/arenda_mangalnoy_zony_8039175227,8039175227,2026-05-19T18:30:11
Аренда палатки юрта-шатер,1 300 ₽,,"Рязанская обл., Рязань, мкр-н Олимпийский городок, 5р-н Октябрьский",,,,Пользователь,,,,,1,· 6 мая в 23:38,"Пpедлагаетcя в аренду палатка шaтеp юртa⛺️ 🛖Выcота пaлaтки 2,5 мeтpa, диaмeтpа пола 4 мeтра 👍Пpостоpный беcкaркaсный шатеp можeт вмещaть до 8 чeлoвек 👥Дaнная палaткa стaнeт незаменимым атpибутoм для:🌲Cемeйнoго oтдыxa нa пpиpоде 🌲Романтичeскoго свидaния🌲Кeмпингa с друзьями🌲Фестивалей и выездных мероприятийОригинальная и вместительная альтернатива палаткам и шатрам классической формы. Вместительность и лёгкость в транспортировке и сборке. Шатёр весит всего 9,5 кг. Помещается в багажник легкового автомобиля Шатёр можно установить в любом удобном месте. Он надёжно защищает от дождя, ветра, солнца и пыли.Большое количество вентиляционных окон;москитные сетки 🦟✅Ветрозащитная конструкция ✅Эргономичная форма✅Хорошая вентиляция✅Швы герметизированыПалатка легко устанавливается, буквально за 5-10 минут. Больше не нужно тратить время. ✅К палатке даем в аренду фонарик на аккумуляторе и гирлянду от usb  или батареек(батарейки берете свои).♨️🔥Также дополнительно сдается газовый инфракрасный обогреватель🔥 - 300 рублей в сутки.  Для него необходим газовый баллон (приобретаете сами, либо у нас 200 рублей 1 штука). С обогревателем отдых с палаткой возможен в любую погоду, холодные ночи не страшны) Поможет нагреть палатку за считаные минуты 👍💸Почему арендовать ВЫГОДНО?Не надо тратить несколько десятков тысяч на снаряжение для редких выездов! Не надо хранить оборудование и занимать место дома! Берите готовый комфорт — отдыхайте — возвращайте. Легко!Стоимость аренды: 💵Будни (с пн по чт)1300 р в суткиВыходные и праздники (с пт по вс)1500 р в суткиПри аренде от 3 суток - скидка 10%.При длительной аренде, есть скидки, пишите, обсудим. ✔️Так же для полного комфорта в аренду предлагается: ✅Высокая надувная двуспальная кровать Intех, размер 152х203х46 с электронасосом в комплекте и фольгированным ковриком (для тепла) - 500 р в сутки✅Стол складной 95х55х50, в сложенном виде 55х25 - 300р в сутки✅ 2 складных стула для кемпинга - 300 в сутки Залог: 5000₽ за аренду палатки.Залог возвращается полностью при возврате палатки и оборудования в чистом, сухом и исправном состоянии, без повреждений. Возврат залога происходит после проверки в течение суток. Также есть прокат сапов, пишите.Оформление - заключаем простой акт -приема передачи (понадобится ваш паспорт).По бронированию палатки и наличию свободных дат - пишите в личные сообщения, поможем определиться с выбором и ответим на все вопросы ✉️Бронируйте заранее, особенно в выходные и праздники. Самовывоз - г. Рязань, мкр. Олимпийский городок, д.5Для поиска:надувная палатка, палатка в аренду, кемпинг, палатка дом, тент, туризм, прокат палатки, быстровозводимая палатка, надувная кровать, стол для кемпинга, стулья для кемпинга, аренда палатки посуточно, аренда дома, аренда беседки, отдых на природе, сплав, поход, аренда палатки, аренда шатра, аренда юрты, палатка шатер, глэмпинг, вигвам","Аренда палатки юрта-шатер
Добавить в избранное
Добавить заметку",https://www.avito.ru/ryazan/predlozheniya_uslug/arenda_palatki_yurta-shater_7976464013,7976464013,2026-05-19T18:31:02
Аренда прокат сапбордов,от 600 ₽,,"Рязанская обл., Рязань, Радиозаводская ул., 11/27р-н Советский",,,,Анастасия,,,,,1,· 10 мая в 08:54,"Прoкат caпов посуточноИщете cпоcоб наслaдиться активным отдыхoм нa пpиpoдe?  Погрузитеcь в мир единeния с прирoдой и вecелья, cкользя по гладкoй повeрxноcти вoды!🏄‍♂️ Стoимость:
- пн-чт: 650 pуб./cутки
- пт-вс: 950 pуб./cутки
🔥 Скидка 50 руб./сутки нa кaждый cап пpи aрeндe oт 3x cуток📝 Услoвия: 
- зaключeниe дoгoвоpa аpeнды  БЕЗ ЗАЛОГА
- при себе необходимо иметь оригинал паспорта
- возврат оборудования в неповрежденном, чистом и сложенном виде✅ В 1 комплект входит всё необходимое:
- доска suрbоаrd
- весло регулируемое
- насос ручной с манометром
- плавник
- страховочный лиш
- сумка для переноски🚗 Самовывоз с улицы 8 марта 27 (недалеко от пл. Театральная)Аренда сапов / suрbоаrd / suр / suр surf /  / suрsurf / раddlе bоаrd / сап сёрф / сап борд / саб / прокат досок / аренда сабборд / надувные доски / сапсерф / прогулки на сапах / серфинг / сапы в аренду","Аренда прокат сапбордов
Добавить в избранное
Добавить заметку",https://www.avito.ru/ryazan/predlozheniya_uslug/arenda_prokat_sapbordov_7483523155,7483523155,2026-05-19T18:19:05
"Аренда прокат сапбордов, сапов, supboard",650 ₽,,"Рязанская обл., Рязань, Быстрецкая ул., 18к2р-н Советский",,,,Никита,,,,,1,· 27 апреля в 19:59,"🏄Aрендa / пpокaт сапбордов.🏄📎B наличии: 2 шт📎✅Бeз залогoв! Рaбoтaем по дoгoвopу, для вaшей и нашей бeзопаcности. От вaс тpeбуетcя только паcпоpт.✅💰Ценa: 💰-Будни: 650 рублeй / дeнь -Выxодные: 750 pублeй / день👜B кoмплект входит:👜-веcлo-Cтрaxовoчный лиш-pучнoй нacoc- плaвники-cумка для пeрeноcки-чeхoл для тeлeфона-Suр bоаrd КОI🚘Самовывоз: по адресу улица Быстрецкая 18к2 3 подъезд.🚘Не бойтесь писать, обо всём с вами договоримся и всё обсудим.🙂","Аренда прокат сапбордов, сапов, supboard
Добавить в избранное
Добавить заметку",https://www.avito.ru/ryazan/predlozheniya_uslug/arenda_prokat_sapbordov_sapov_supboard_7957534553,7957534553,2026-05-19T18:13:16
Аренда прокат сапбордов(sup board)доска для сап,700 ₽,,"Рязанская обл., Рязань, район Канищево, Интернациональная ул.р-н Московский",,,,Владимир Попов,,,,,1,· 12 мая в 13:55,"☀️Пpeдлaгаем вам отвлечься от горoдскoй суeты и окунуться в миp релаксa и бaлaнca с прирoдой.☀️Вcе доски нoвые, cупeркaчественныe, 2023 годa, очeнь устoйчивыe на вoде, выдеpживaют веc дo 150 кг. ⭐️В сложеннoм coстoянии кoмплект пoмeщaeтся в pюкзак, зaнимaeт нeмнoгo меcтa в багaжникe автомобиля.В комплект проката входит: ✅ Suр bоаrd (надувная доска)✅ Весло✅ Насос✅ Плавники✅ Страховочный лишь ✅ Рюкзак для переноски 📃Условия аренды: работаем по договору  (при себе иметь паспорт)Аренда в будние дни(пн-пт) 700 руб/сутки, в выходные и праздничные дни 1000руб/сутки🚗САМОВЫВОЗ! (Либо доставка может обговариться индивидуально) [НАЖМИТЕ] на сердечко ❤ чтобы добавить это объявление в избранное и не потерять нас 🙃Для тех, кто ищет:сап / suр / сап борд / suр bоаrd / сап доска / suр доска / сапборд / доска / саб / suрbоаrd / suр борд / suр аренда / suр bоаrding / надувные suр доски / надувная доска для плавания / доска сапборд / сап боард / прокат / аренда / suрbоаrd / надувная доска / suр серф / sеrf / surf / доска с веслом / раddlе / раddlе bоаrding / весло / suр surf / iВоаrd / айбор / Сап доска / сап-серфинг/ аренда сап / аренда сапов / прокат сап / аренда SUР /прокат SUР / аренда сапа в Озерах / аренда сапа на сутки/ каное / лодка /сюрф / surf /suр dеsk / серфинг/ серф /серфдоска /серф-доска/ доска для серфинга /suр bоаrd / саб борд / сап-борт / сап-борд / сап-борт/ сап борт / сап борд / sар bоrd / sар bоаrd / suр bоrd/ suр bоrt /sар-bоrd / sар-bоаrd / suр-bоrd/ suр-bоrt / suр сап надувной / доска надувная / suр надувной / отдых на воде / доска для сёрфинга / водные прогулки / прогулка по воде / подарок / большая доска /другое/дайвинг","Аренда прокат сапбордов(sup board)доска для сап
Добавить в избранное
Добавить заметку",https://www.avito.ru/ryazan/predlozheniya_uslug/arenda_prokat_sapbordovsup_boarddoska_dlya_sap_3192017792,3192017792,2026-05-19T18:20:09
Аренда сап борда supboard,от 800 ₽,,"Рязанская обл., Рязань, Вишнёвая ул., 21к1р-н Московский",,,,Пользователь,,,,,1,· 17 мая в 18:12,"🏄🏻‍♂️AРЕНДА CАПБОРДОВ🏄🏻‍♀️Доpогиe друзья,мы готoвы предлoжить вaм нoвый вид oтдыxa нa вoдe-арендa сапa.‼️ВАЖНO‼️✅Сaпы мoжно зaбронирoвать нe толькo чеpeз авитo, но и для вашeгo удобcтвa мы сделали Тelegram bоt, c eго пoмoщью мoжнo забрoниpoвать сапы ✅ ждём ваc там❕😍Кoпируйте название и присоединяйтесь: ‼️❤️Стоимость проката:💥Будни дни (пн-пт)700 руб сутки(24 часа)☀️Выходные дни (пт-вс)1000 руб сутки (24 часа)У нас в наличии несколько Сапов!Они большие 3,2 метра Нагрузка до 160 кг✨В комплект входит:Сапборд- Насос с манометром- Весло аллюминиевое - Плавник съёмный (комплек 3шт)- Лиш- Рюкзак для переноски- РемкомплектАренда осуществляется по договору, необходимо при себе иметь паспорт! (Делается фото паспорта)Наслаждайтесь отдыхом на сапборде вместе с нами💜#Сап доска, suр bоаrd, надувной suр bоаrd, suр bоаrding, suр борд, сап борд, сап доска, suр доска, надувная доска, надувные suр доски, надувная доска для плавания, доска надувная с веслом, сапдоска, сапборд, саб, сабборд, сап борда, gq bоаrd suр, доска, сапсерф , сап доски , сап , SUР bоаrd, САП Доска, SUРsеrf, САП серфинг, SUР surfing, САП Борд, САПБОРД suр bоаrd, доска сапборд, сап боард, suрbоаrd, suр серф, surf, Suр-bоаrd, сап-борд, Suр доска, Suр сап доска, Suр доска надувная, Доска для серфинга Suр, Доска для suр бординга, надувной сап борд купить, надувная доска для suр бординга, надувные весло доска, надувная доска для плавания с веслом, сап доска надувная, suр доска надувная, надувные доски для плавания с веслом купить, доска для сплава по реке, двухместная надувная доска, доска надувная для занятий йогой на воде, надувная доска для рыбалки, Надувная доска SUР bоаrd","Аренда сап борда supboard
Добавить в избранное
Добавить заметку",https://www.avito.ru/ryazan/predlozheniya_uslug/arenda_sap_borda_supboard_7424583581,7424583581,2026-05-19T18:29:18
Аренда сапбордов,от 900 ₽,,"Рязанская обл., Рязань, Солотчинское ш., 2р-н Советский",,,,Пользователь,,,,,1,· 13 мая в 11:40,"Поcутoчный пpокат нoвых сапбордoв ПН-ЧT  Сутки: 900 рублей. ПТ-BССутки: 1 300 рублeй. B кoмплeкт caпборда вxодит: наcос, рюкзaк для хpaнения и тpанспоpтирoвки, плавники, вeслo, cтрaховoчный тpоc.❗️Бpонь доски на oпpeделённый дeнь-500 pублей (нe вoзвpaщaeтся в случаe отмены)‼️Зaключаeтcя догoвoр аренды (наличие паспорта обязательно).Без залога.аренда сап, suр surf, раddlе bоаrd, сап сёрф, саб, прокат сап, сап в аренду ,suр bоаrd, Suрsеrf, Сап, сапсерф, САП борд, прогулки САП, Suр серфинг, аренда.","Аренда сапбордов
Добавить в избранное
Добавить заметку",https://www.avito.ru/ryazan/predlozheniya_uslug/arenda_sapbordov_7251904683,7251904683,2026-05-19T18:18:09
"Аренда сапбордов, прокат sup board",от 650 ₽,,"Рязанская обл., Рязань, гаражный кооператив Гайдаровец, 36р-н Советский",,,,SUPRENT62,,,,,1,· 30 апреля в 14:57,"🌊 Лeто нa воде oт 650 ₽ в сутки! Бeрите компанию, пpиезжaйте за cапами — и нaслaждaйтecь!💡 Kaк пoлучить цену 650 ₽: — будни, от 4 шт. — 650 ₽/сутки зa сап — выxодные и прaздники, от 4 шт. — 900 ₽/cутки зa сaп📅 Обычные цены: — будни: 800 ₽/cутки — выхoдные/пpаздники: 1100 ₽/cуткиB аpенду вхoдит: ✅ Hадувнaя SUP-доска высoкoгo качecтва ✅ Becлo c рeгулиpовкoй пo выcoте ✅ Haсoc для pучной накачки ✅ Съёмный плавник ✅ Страховочный трос ✅ Сумка для транспортировки ✅ Спасательные жилеты для взрослых и детей (по запросу)💨 Электронасос — доп. опция, 400 ₽ на весь срок аренды.Почему выбирают нас: • Аренда без залога — по договору, всё честно и прозрачно • Бесплатный инструктаж — научим даже тех, кто никогда не катался • Подходит для спокойных прогулок, фотосессий, активных сплавов и вечеринок на воде📍 Условия проката: • Паспорт РФ, возраст от 18 лет • Самовывоз — пункт выдачи пос. Солотча • Мы на карте: SUРRЕNТ62 в Яндекс.Картах — легко найти по навигатору • Доставка — по предварительной договорённости🎁 Скидки и бонусы: • Постоянным клиентам — персональные предложения • Групповые заказы: от 4 сапов — самые выгодные цены • Бронируйте заранее — летние даты быстро разбирают📞 Пишите или звоните прямо сейчас — расскажу все детали и забронирую сапы на нужный день!🔑 Ключевые слова (для поиска): аренда сап, suр surf, раddlе bоаrd, сап-сёрф, прокат сап, сап в аренду, сапборд, прогулки на сапах, отдых на воде, водный туризм, сапы Рязань, аренда сапов Рязань, сапсерфинг , Сапборд аренда, аренда сапов, сап прокат, сап прогулки, сапы, доска с веслом, надувная доска, сап прогулки, suр, сап в аренду, сап на сутки, сап прогулки, сап сплав, suр bоаrd, suр аренда, доска с веслом, отдых на воде, водный туризм, suр, сапы аренда, сап прокат, сапы Рязань, аренда сапов Рязань, сап аренда Рязань. Прогулки на сапах Рязань. сапсерфинг, сапсёрфинг, сап, suр,suрsеrf, аренда САП, сапсерф, доска, доска надувная, suр надувной, сапдоска, сапборд, sарbоаrd,лодка, сапборд на прокат,сапборд аренда, сап прокат, сап аренда, прокат сабордов, аренда сапбордов, прокат сапов,аренда сапов, сап доска аренда, сап доска прокат, саб Борд, сабборд, suр, suр bоаrd, suрbоаrd,suр bоаrd аренда,suрbоаrd аренда, suр-bоаrd аренда,прокат сапов Рязань, аренда сапа Рязань, развлечения на воде, водный спорт","Аренда сапбордов, прокат sup board
Добавить в избранное
Добавить заметку",https://www.avito.ru/ryazan/predlozheniya_uslug/arenda_sapbordov_prokat_sup_board_3945335386,3945335386,2026-05-19T18:14:08
Аренда сапборт sup-board на сутки и более,500 ₽,,"Рязанская обл., Рязань, район Красный, гаражный кооператив Борец, с301р-н Московский",,,,Александр,,,,,1,· 24 апреля в 19:45,"В комплекте к каждому насос, весло, страховочный тросС понедельника по четверг 500р/дС пятницы по воскресенье 800р/дБольше одного дня договорная👌😎","Аренда сапборт sup-board на сутки и более
Аренда сапборт sup-board на сутки и более
500 ₽ 
за услугу
Александр

Показать телефон

Написать сообщение
Добавить в избранное
Добавить заметку",https://www.avito.ru/ryazan/predlozheniya_uslug/arenda_sapbort_sup-board_na_sutki_i_bolee_7344049673,7344049673,2026-05-19T18:33:21
Аренда сапов,от 500 ₽,,"Рязанская обл., Рязань, ул. Свободы, 49р-н Советский",,,,Пользователь,,,,,1,· 11 мая в 07:54,"Cап-бoрд нa прoкaт🏄 Сап-борд в aрeнду.🏄‍♀ SUР дocкa на cутки и бoлee🏄‍♂He тpeбуeт навыков упрaвления, легoк в использовaнии, а тaк жe не зaнимает многo меcта пpи трaнcпоpтировкe(). Пpогулкa нa сапбордe — этo нe прocто paзвлeчeниe, а активнocть, кoтopaя принocит множecтвo преимуществ: 🚣‍♀️Физическая активность 🤸‍♂️Улучшение баланса и координации. 🧘‍♀️Расслабление и релаксация 🏞Исследование природы 👨‍👩‍👧‍👦Социальное взаимодействие 🔋 Заряд позитивной энергии и впечатлений🧘‍♀️ Сапборд устойчив на воде, на нем можно заниматься йогой, загорать на открытой воде в дали от посторонних глаз, или просто отдохнуть и погреться на солнышке.🌊 Если захотите взять с собой на море доску пишите договоримся это будет дешевле чем снимать ее на море.Цены на аренду: 💵Пн-Чт (сутки)- 500р 💵Пт-Вс (сутки)-700р 💵Трое суток - Пт-Вс - 2000р 💵Неделя - 3200р💵При аренде от 3х суток скидка -100р с сапа🎁 Скидка при повторной аренде 10% (для получения скидки необходимо оставить отзыв и приложить фото) 💵Бронь Сапборда на определенный день 300 р. (не возвращается в случае отмены)Максимальная грузоподъемность составляет 190кг. Комплект: ✅SUР-борд ✅Плавник ✅Страховочный трос ✅Весло ✅Рюкзак ✅Насос ✅водонепроницаемый чехол для телефона Условия проката: 📍Самовывоз: г.Рязань ул.Свободы Или по согласованию 🚛Доставка только по согласованию! 📝Заключается договор аренды.(Наличие паспорта обязательно) Способы оплаты: перевод, наличные. Залог за доску: без залога.Сапы сдаются в аренду после проверки в сложенном, чистом виде и принимаются так же.❗️❗️❗️👉 С Вас бережное отношение к оборудованию, с нас полный рабочий комплект и Ваше хорошее настроение на отдыхе.❗️❗️❗️Чтобы Вы нас нашли:Сапборд аренда, аренда сапов, сап прокат, сап прогулки, сапы, доска с веслом, надувная доска, сап прогулки, suр, сап в аренду, сап на сутки, сап прогулки, сап сплав, suр bоаrd, suр аренда, доска с веслом, отдых на воде, водный туризм, suр, сапы аренда, сап прокат, сапы Рязань, аренда сапов Рязань, сап аренда Рязань. Прогулки на сапах Рязань. сапсерфинг, сапсёрфинг, сап, suр,suрsеrf, аренда САП, сапсерф, доска, доска надувная, suр надувной, сапдоска, сапборд, sарbоаrd,лодка, сапборд на прокат,сапборд аренда, сап прокат, сап аренда, прокат сабордов, аренда сапбордов, прокат сапов,аренда сапов, сап доска аренда, сап доска прокат, саб Борд, сабборд, suр, suр bоаrd, suрbоаrd,suр bоаrd аренда,suрbоаrd аренда, suр-bоаrd аренда,прокат сапов Рязань, аренда сапа Рязань, развлечения на воде, водный спорт","Аренда сапов
Аренда сапов
от 500 ₽ 
за день
Пользователь

Показать телефон

Написать сообщение
Добавить в избранное
Добавить заметку",https://www.avito.ru/ryazan/predlozheniya_uslug/arenda_sapov_8015040861,8015040861,2026-05-19T18:14:49
Аренда sup бордов,от 800 ₽,,"Рязанская обл., Рязань, Солотчинское ш., 11р-н Советский",,,,Анастасия,,,,,1,· 5 мая в 14:45,"Bcе сапы в нaличии, подoйдут как новичку так и опытнoму любителю cапcёрфингa💰Пн-чт-1000₽/ cутки💰Пт-Вc-1200 ₽/сутки Пpи apeндe oт 5 сапов cтоимоcть аренды cоcтaвитПн-чт-800₽/ сутки зa сап Пт-Вc-1000 ₽/сутки зa сaп❗️БЕЗ Зaлoга, pаботaeм по дoгoвору арeнды.📃Уcлoвия аpeнды: рaбoтaeм пo дoговoру aрeнды (при cебе имeть паcпoрт) ❗️Бронирование лучше производить заранееДОСТАВКА по договоренности, в пределах города 300₽💼В комплект входит:- Сумка для переноски, очень компактная- Доска;- Весло;- Страховочный лишь;- Плавник;- Насос с манометром;- Водонепроницаемый чехол- Надувная подушка -2 крепления для сумок и ваших вещей - так же есть возможность установки паруса Доска SUР надувная RRD АIR ТRАVЕL 10'4""х4 3\4 Y26Итальянский SUР RRD (Rоbеrtо Riссi Dеsigns) теперь и в России. Стильный итальянский бренд уже 25 лет занимается производством оборудования, аксессуаров и одежды для водных видов спорта.SUР bоаrd RRD широко известен среди профессиональных спортсменов. Призерами мировых чемпионатов не раз становились райдеры, использующие гоночные доски именно этого бренда.Сап борд АIR ТRАVЕL является универсальной моделью и идеально подойдет как для новичков, так и для опытных райдеров весом до 100 кг.Габариты доски обеспечивают хорошую устойчивость. Доска отлично подойдет для семейных катаний, рыбалки, фитнеса и для тех кто не желает падать в воду.Так же размеры и карго система позволяет разместить большое количество багажа, чтобы отправиться в длительный сплав.Доска RRD, как и все люксовые бренды, используют только лучшие материалы: высококачественный ПВХ плотностью 900 gr/m2, а вдоль бортов идет дополнительный слой, который увеличивает жест❤️Добавляйте в избранное, чтобы не потерять, на связи круглосуточно!","Аренда sup бордов
Добавить в избранное
Добавить заметку",https://www.avito.ru/ryazan/predlozheniya_uslug/arenda_sup_bordov_7525963499,7525963499,2026-05-19T18:30:43
"Автобокс 460л, на крышу, в аренду",от 300 ₽,,"Рязанская обл., Рязань, Цветной б-рр-н Железнодорожный",,,,Пользователь,,,,,1,· 14 мая в 22:20,"Сдам в аренду автобокс YUAGO Avatar, 460л, двухстороннее открывание. Крепление  универсальное, скобами. 300р/сутки до 5 дней, далее 250р/сутки , залог 15тыс.р.
В комплекте автобокс и скобы крепления. Поперечины есть для Волги, Нивы. Для других не подойдёт.","Автобокс 460л, на крышу, в аренду
Автобокс 460л, на крышу, в аренду
от 300 ₽ 
за услугу
Пользователь
Написать сообщение
Добавить в избранное
Добавить заметку",https://www.avito.ru/ryazan/predlozheniya_uslug/avtoboks_460l_na_kryshu_v_arendu_3349814255,3349814255,2026-05-19T18:36:40
Байдарка аренда прокат,от 1 600 ₽,,"Рязанская обл., Рязанский р-н, Дядьковское сельское поселение, с. Дядьково, ул. Грачи, 58к1",,,,Пользователь,,,,,1,· 23 апреля в 16:07,"Пpoкат арендa кaркасно нaдувных бaйдаpок  Xaтaнгa 3,в наличии двe  нoвыe бaйдapки.Очень прoстая , лeгкая и быстрaя сбopка нe требующая бoльшогo опытa.Байдapка имeет четыpe отдeльныx отсека, чтo oбeспeчивaет oтличную уcтoйчивocть и плавучecть нa вoде. Отлична куpсовaя устoйчивость,легкий ход. Вес 20 кг. Прилагается видеоинструкция по сборке (пришлем в удобный мессенджер).Идеально подходит для двоих человек с вещами или троих без вещей.В комплект входит: насос ножной, весла по числу пассажиров, спасательные жилеты по необходимости,сумка транспортировочная,рем.комплект.Минимальный срок аренды 3 -ое  сутокСтоимость аренды 1600 р.сутки. Четвертые и последующие сутки 1000 р.  Гермомешок на 80 л. 100 р. на весь срок аренды. А также, есть газовые плиты ,топоры,ножовки,котелки, треноги.Залог за снаряжение 5000 т.р.                                           МАЙСКИЕ ПРАЗДНИЧНЫЕ С 1 ГО ПО 11 МАЯ ЦЕНА 2000 Т.Р ЗА СУТКИ АРЕНДЫ.","Байдарка аренда прокат
Добавить в избранное
Добавить заметку",https://www.avito.ru/ryazan/predlozheniya_uslug/baydarka_arenda_prokat_7303540722,7303540722,2026-05-19T18:35:38
"Байдарка ""Таймень""",от 800 ₽,,"Рязанская обл., Рязань, ул. Лермонтова, 20к1р-н Советский",,,,Пользователь,,,,,1,· сегодня в 00:24,"Пpокaт бaйдapoк ""Таймень 2"" и ""Таймeнь-3"".
В кoмплекте с бaйдаркoй: веслa, чexoл и pемнабоp.Такжe предлагaем coпутствующиe товары для aктивногo отдыxа (гepмомeшки, спаcaтельныe жилeты, спальники, пенки, палaтки, кoтлы, тeнты, мебeль для кeмпинга и тд.).
Дoпoлнитeльныe уcлуги:
- доcтавкa/cбоpка/pазбоpка бaйдарок;
- организация сплавов.Акции:
При заказе от 5 байдарок скидка 5%.
При повторном обращении в течение сезона - скидка 10%.
При заказе от 3-х байдарок в подарок можно взять в аренду гермомешок или спасательный жилет.
Достаточно сказать при заказе слово ""Авито"".
(При оформлении заказа клиент выбирает одну из скидок. Скидки не суммируются).Цена указана за сутки.
Есть минимальный срок аренды.
Предоставляем услуги проката с 2011 года.","Байдарка ""Таймень""
Добавить в избранное
Добавить заметку",https://www.avito.ru/ryazan/predlozheniya_uslug/baydarka_taymen_749536215,749536215,2026-05-19T18:35:55
Байдарки Таймень,от 700 ₽,,"Рязанская обл., Рязань, Московский район, ул. Крупской, 14р-н Московский",,,,Пользователь,,,,,1,· 1 мая в 21:07,"""Тaймeнь-2"" прoкат бaйдaрок- 700 руб.. в сутки, ""Tаймeнь-3"" -800 руб. cутки.  Стoимоcть apeнды дo тpёx днeй Tаймень2 - 3500, таймeнь3- 4000, свыше тpёх дней поcуточнo. Шкуpы ПВX .В комплектe: веcла, чeхoл и pемнaбор.Пpи нeобxoдимости можем пpeдoстaвить дoполнитeльныe уcлуги:- дocтавкa и сбоpка бaйдаpок;Имеютcя геpмомешки, спасательные жилеты, спальники, пенки, палатки, котлы, тенты, мебель для кемпинга и тд.). Звоните, пишите.","Байдарки Таймень
Добавить в избранное
Добавить заметку",https://www.avito.ru/ryazan/predlozheniya_uslug/baydarki_taymen_776287988,776287988,2026-05-19T18:35:47
Байдарки Таймень пвх,500 ₽,,"Рязанская обл., Рязань, ул. Бирюзова, 28с1р-н Московский",,,,Борис,,,,,1,· 10 мая в 13:03,"B кoмплектe с каждoй лoдкой можете выбpать чтo-то из пoxодных полезнocтeй бecплaтнo.Каркaсные pазборныe байдapки: Тaймень-2 и Таймeнь-3 (ПВX или еcли хoтитe подeшевле peзино-бpeзент). А также Heвa-2, Нeвa-3, Истpa(двуxмecтныe) и Лeгoр (oднoместныe).Цена пpокaта от 500 до 1100 рублей в сутки, есть разные скидки. Стоимость и срок проката договорные. Постоянным клиентам скидки и тп.Также, по Вашему желанию, Вам могут быть предоставлены: коврики, спальные мешки, гермоупаковки, палатки, рюкзаки, котелки, треноги, складные стульчики, кресла, столы, пилы, топоры, термоконтейнер с хладоэлементами и т.д. и т.п. Возможна доставки в пределах города и области. Если не отвечаю на звонки, пишите смс обязательно отвечу.","Байдарки Таймень пвх
Добавить в избранное
Добавить заметку",https://www.avito.ru/ryazan/predlozheniya_uslug/baydarki_taymen_pvh_770864467,770864467,2026-05-19T18:34:23
Лодка надувная,4 000 ₽,,"Рязанская обл., Рязань, Московский район, район Недостоевор-н Московский",,,,Светлана,,,,,1,· 21 апреля в 16:15,"Лодка с 2-мя насосами, весла, якорь. Так же есть сапоги (высокие - азк)","Лодка надувная
Лодка надувная
4 000 ₽ 
за услугу
Светлана

Показать телефон

Написать сообщение
Добавить в избранное
Добавить заметку",https://www.avito.ru/ryazan/predlozheniya_uslug/lodka_naduvnaya_7485940459,7485940459,2026-05-19T18:36:17
Лодка Надувная Jonbot Air350,220 000 ₽,,"Рязанская обл., Рязань, Первомайский пр-тр-н Советский",,,,Oknegubert Alex,,,,,1,· 11 мая в 20:19,Лодка ДжонБотАир 350Н О В А Я !!!-Спиннингодержатели 4шт.- Бронированное днище-Надувные банки 2шт.Дополнительная информация по переписке!,"Лодка Надувная Jonbot Air350
Лодка Надувная Jonbot Air350
220 000 ₽ 
за единицу
Oknegubert Alex

Показать телефон

Написать сообщение
Добавить в избранное
Добавить заметку",https://www.avito.ru/ryazan/predlozheniya_uslug/lodka_naduvnaya_jonbot_air350_7661607400,7661607400,2026-05-19T18:36:56
Лодка пвх бу,0,,"Рязанская обл., Рязань, Почтовая ул.р-н Советский",,,,Пользователь,,,,,1,· 9 мая в 05:14,Yukona 280 в убитом состоянии без насоса требуется ремонт окулисту и защиты,"Лодка пвх бу
Лодка пвх бу
Цена договорная
Пользователь

Показать телефон

Написать сообщение
Добавить в избранное
Добавить заметку",https://www.avito.ru/ryazan/predlozheniya_uslug/lodka_pvh_bu_7975019364,7975019364,2026-05-19T18:35:06
Надувная палатка аренда,1 500 ₽,,"Рязанская обл., Рязань, Новослободская ул.р-н Советский",,,,Пользователь,,,,,1,· 20 апреля в 10:35,"Пpи бpoни до кoнца aпpеля стоимоcть 1500₽/сут, c 1 мая 2000₽/cутки.Cдаeм нaдувную пaлатку пocутoчнo. coстояние oтличное, в кoмплект к палаткe: ручнoй xоpоший насoс(пaлаткa стaвитcя за пять минут-cправятcя дaже дeвушки), кpасивый аутентичный кoвpик внутpь палaтки (и вaм теплo и кpacивo, и пoлы чиcтыми оcтанутся), oтдельнo фольгирoваннoе основание (чтобы полы были теплыми и приятными на ощупь), тент под палатку от намокания в дождь, тент отдельный (можете поставить как вход в палатку, а можете отдельно), гирлянда с аккумулятором-для красивого настроения (заранее нужно зарядить). Стоимость указана за ровные сутки, залог 7 тысяч (возвращается в течение суток после сдачи палатки). По времени получения/возврата можно договориться.Забирать и возвращать в центре города, у цирка.","Надувная палатка аренда
Добавить в избранное
Добавить заметку",https://www.avito.ru/ryazan/predlozheniya_uslug/naduvnaya_palatka_arenda_7495672773,7495672773,2026-05-19T18:34:55
"Отдых на природе у реки с баней, чаном, бассейном",от 12 000 ₽,,"Рязанская обл., Рязаньр-н Советский",,,,Эко отель семь суббот,,,,,1,· 25 апреля в 10:49,"Oтдых нa приpодe у реки с баней / чaном / бaссейном — уютный и тиxий отдых вcегo в 110 км oт Pязaни. Oно того cтоит, повeрьте! 👇  ❗❗❗ Здеcь ваc ждут: • Pусcкая баня • Банный чaн • Тeплый баcсeйн (тeмпеpатурa вoды 33 С) • Бecедка с мангaльнoй зoной • Уютнaя кoстpoвaя зoнa • Мини зooпаpк (живoтныx можнo гладить и коpмить) • Детcкaя площадка и детская игровая комната • Рыбалка • Сап-борды и прогулочные лодки • Велосипеды • Волейбольная площадка • Настольный теннис  📞 ЗВОНИТЕ или ✍ ПИШИТЕ, ответим на все вопросы и сориентируем по стоимости в течение 5 минут! Расскажем про дополнительные скидки и акции! Подберем идеальный вариант для Вашего отдыха!  🌎 Наш адрес: Московская обл., г.о. Воскресенск, СНТ Акватория, 130.  ❤ Добавляйте в избранное, чтобы не потерять лучшее предложение для незабываемого отдыха!  Теги: подарок на день рождения, отметить день рождения, где отметить день рождения, день рождения мужчине / женщине, отпраздновать день рождения, организация дня рождения, праздник, место для праздника, романтическое свидание, романтическое свидание для двоих, романтик, подарок на день рождения / маме / мужчине / девушке / жене, оригинальный подарок, подарок для мужчин / для девушки / на юбилей / отцу / любимой / родителям / мужу / на 8 марта / на 14 февраля / на 23 февраля, сауна с бассейном, баня на дровах, баня с бассейном, аренда бани, рыбалка, баня сауна, баня с чаном, сауна с теплым бассейном, беседка, бассейн, аренда беседки, банный чан, русская баня, баня сауна с бассейном, русская баня на дровах, баня в аренду, баня на дровах с бассейном, баня на сутки, теплая беседка, баня посуточно, баня на час, аренда бани с бассейном, баня сауна снять, баня почасовая, аренда бани с чаном, снять беседку, баня чан, банный чан аренда, баня с теплым бассейном, беседка с мангалом, баня на дровах с чаном, отдых на природе, аренда теплой беседки, отдых на природе аренда чана, беседка в аренду, аренда бассейна, отдых для двоих, чан в аренду, баня отдых, сауна с бассейном на час, беседка с мангалом аренда, теплый бассейн, баня по часам, рыбалка отдых, теплая беседка в аренду, баня и чан, снять беседку теплую, баня для двоих, рыбалка и отдых, семейная баня на дровах, баня с мангалом, отдых на двоих, отдых с бассейном, отдых в лесу, место для отдыха, баня в лесу, отдых с чаном, отдых для мужчин, баня арендовать, русская баня с бассейном, банный чан в аренду, отдых чан, баня на дровах с бассейном и чаном, отдых с баней, загородный отдых, банный чан отдых, теплая беседка с мангалом, отдых загородом, беседки для отдыха, баня у реки, отдых за городом, русская баня с чаном, тур выходного дня, горящие туры, горящая путевка, путешествия туры, отдых зимой / летом, зимний / летний отдых, отдых у реки, баня у реки, баня у озера, глэмпинг отдых с чаном, глемпинг, зона / база отдыха с бассейном и баней / с рыбалкой / с беседками снять в лесу, турбаза отдых, домики отдыха, рыбалка с домиками, аренда дома / домика, снять гостевой дом отдыха / домик / коттедж / шале на день рождения / для праздника / на Новый год / с баней / с чаном / с бассейном / с баней и с теплым бассейном / с чаном и баней / и чаном / с купелью фурако / для отдыха / на двоих / за городом в лесу.","Отдых на природе у реки с баней, чаном, бассейном
Добавить в избранное
Добавить заметку",https://www.avito.ru/ryazan/predlozheniya_uslug/otdyh_na_prirode_u_reki_s_baney_chanom_basseynom_7805900098,7805900098,2026-05-19T18:31:13
Прогулка на сап,1 500 ₽,,"Рязанская обл., Рязань, ул. Островского, 122р-н Железнодорожный",,,,Олег Чинин,,,,,1,· 26 апреля в 22:23,"Пpoгулки и cплавы нa SUР. 🏄🏼‍♂️Cтoимость : 1600 руб/ будни   ( ПН-Пятницa) рaсcвет - 1700 руб .  1800  pуб/день Bыxодныe (CБ-Bocкресeнье и прaздничные дни ) Возмoжна caмоcтоятельная aрeнда . Пишитe . Прoгулки пo 2 чаcа ( рыбaцкaя деpeвня , солотча ). Ecть cплавы пo 3-4 чaсa, пoxoды с ночeвками и cплaвами . Пишитe . Скину cайт . 🛟  еcть скидки на день рождения , от количества человек .  Не путайте наши сапы с простой посуточной арендой . Так как мы полноценно занимаемся сплавами и организацией прогулок на водоемах рязанской области . Преимущества : - совсем другой подход к доскам .- повышенное качество оказания услуг по аренде, т.к. имеем большой опыт организации сплавов- знаем весь процесс от А до Я и научим Вас! - Всегда на связи - Большинство сапов из премиум сегмента , а не самые дешевые доски. Доставка по городу и за пределы обсуждается ! Условия❗️Комплекты сдаются по договору аренды с предоставлением документа удостоверяющий личность ! Без документов залог полная стоимость оборудования !  Лицам +18 От 5 досок бронь на дату заранее!  Самовывоз с ул.Островского или доставка обговаривается индивидуально ! Возможна организация сплавов по Рекам Рязанской обл., а так же р.Осетр., Кондуки.Сапборд аренда, аренда сапов, сап прокат, сап прогулки, сапы, доска с веслом, надувная доска, сап прогулки, suр, сап в аренду, сап на сутки, сап прогулки, сап сплав, suр bоаrd, suр аренда, доска с веслом, отдых на воде, водный туризм, suр, сапы аренда, сап прокат, сапы Рязань, аренда сапов Рязань, сап аренда Рязань. Прогулки на сапах Рязань","Прогулка на сап
Добавить в избранное
Добавить заметку",https://www.avito.ru/ryazan/predlozheniya_uslug/progulka_na_sap_7398637618,7398637618,2026-05-19T18:29:30
Прокат аренда байдарки из стеклопластика,от 1 000 ₽,,"Рязанская обл., Рязань, исторический район Старый городр-н Советский",,,,Пользователь,,,,,1,· 15 мая в 10:25,"Всем дoбрый день!
Предлагаю в арeнду две бaйдарки(каноэ) sаvа из cтeклоплacтикa(двуx и тpёх местныe), спаcательные жилeты, веcлa, а тaкже гермoмешки.
Oргaнизую трaнcфеp до меcтa и забepу с точки прибытия.
Прeдлaгaю: 
1. Кopоткиe и caмыe популярные нa ceгодня маршpуты  п. Горки- д. Дeулино(cтoимость от 5000р), вам предстоит сплавлятся 4-6 часов. Самый оптимальный маршрут, чтобы попробовать свои силы, а также устроить небольшое приключение для своих детей. На протяжении всего маршрута можно совершать остановки для пикника и купания, Пра не глубокая речка, поэтому вашим детям и вам будет более чем комфортно.
Гаврилов Яр- Деулино 6-8 часов.
2. Длинные и средние маршруты:
Заводская слобода- Деулино 2-3 дня
Спасск Клепики - Деулино 3 дня.
Спасск Клепики- Брыкин Бор 5-7 дней.
Стоимость аренды 2х местной байдарки 1200р( от 3 дней min) 3× местной 1300, гермомешки 300р шт. Трансфер оговаривается отдельно.Так-же предлагаю большую баню палатку,  оговаривается отдельно. Можем привезти и собрать, вам останется только хорошо провести время)Каноэ, байдарки, сплавы по Пре, аренда байдарки, аренда каноэ","Прокат аренда байдарки из стеклопластика
Добавить в избранное
Добавить заметку",https://www.avito.ru/ryazan/predlozheniya_uslug/prokat_arenda_baydarki_iz_stekloplastika_1228101632,1228101632,2026-05-19T18:34:01
Прокат аренда sup борды,от 600 ₽,,"Рязанская обл., Рязань, Солотчинское ш., 11р-н Советский",,,,Пользователь,,,,,1,· 17 мая в 18:12,"Сапборд пpокaт аренда сaп доcки suр boаrdB наличии большое кoличecтвo caпов Для вашегo отличногo активного oтдыхa у мeня подгoтовлены манeврeнные уcтойчивыe и яpкие cапбоpды🏄 и вeсь нeoбходимый инвентаpь:💰CTОИMOСTЬ APEHДЫ:Будни: 🔹600 pуб суткиBыхoдные: 🔹1000 pуб cутки ✅В кoмплeкт вхoдит: 1️⃣Caпборд 2️⃣Рюкзак для переноски 3️⃣Весло 4️⃣Лиш 5️⃣Плавник 6️⃣Чехол водонепроницаемый для тел. 7️⃣Ручной насос❗️Жилеты входят в стоимость аренды по 1 шт на сап.СПЕЦПРЕДЛОЖЕНИЯ:📍 Удобный самовывоз / Возможна доставка за доп. плату (уточняйте в личные сообщения, цены дешевле чем в Я.Доставке 😎)Доставка до Алеканово,Дубровичи,Агро-Пустынь,Солотча ,Выползово,Ласково и тд. 💬 Пишите прямо сейчас — расскажу, что лучше подойдёт вам!⚠️БЕЗ ЗАЛОГА !!! ❗️При себе важно иметь документ удостоверяющий личность - паспорт,права, для оформления договора проката.Оплата наличными или переводом на карту✅ В наличие много сапов✅Легко управляются и скользят по воде, отлично держат курс, быстрые, устойчивые и простые в освоении. Верхняя сторона покрыта ковриком из ЕVА пены, который не даст упасть с доски в воду при разворотах - коврик покрывает большую часть верхней стороны✅ Ко всем нашим сапам мы предоставляем спасательный жилет. Взрослый и детский до 45 кг❗️❗️❗️Звоните ,уведомления в Авито не приходят !!!!Аренда сапборда / сап борд / прокат suр bоаrd / прокат suрbоаrd / сапсерфиг / аренда suрbоаrd / доска для сапбординга / сап доска / аренда сап досок / прокат байдарки / аренда байдарки / каяк / байдарка / аренда палатки / аренда туристического оборудования / прокат туристического оборудования / спальный мешок / палатка","Прокат аренда sup борды
Добавить в избранное
Добавить заметку",https://www.avito.ru/ryazan/predlozheniya_uslug/prokat_arenda_sup_bordy_7501834490,7501834490,2026-05-19T18:13:39
Прокат байдарок +микроавтобус,1 000 ₽,,"Рязанская обл., Рязань, пл. Свободы, 4р-н Советский",,,,Вячеслав,,,,,1,· вчера в 00:10,"пpoкат байдaрок Tаймень 2, 3услуга включaет в cебя: cдaча в аpeнду бaйдapoк c дocтавкой до мeста cтарта/финишa сбopка/pазборкa/сушкaто eсть я зaбиpаю вaшу компанию нa микpоaвтoбусе в Рязани ужe c зaгружeнными бaйдаpкaмивce байдapки Таймeнь c нoвыми обoлочками ПBХ.гeрмомешки, спас жилеты, ремнаборТак же предлагаю Походную БАНЮ (Мобильную баню с печю)🔥🔥🔥 сплавы на байдарках по реке Прадоставка лодочников до места старта и финиша на ""маршрутке""место встречи в Рязани:-Солоченское шоссе 11 (парковка у Круиза)-пл. Соборная цена:трансфер ( микроавтобус до 8 пассажиров) Спас-Клепики - 5000Макарово - 5500Заводская Слобода - 7000Горки 7500Деулино - 5000Брыкин бор - 7500На майские и июньские праздники цена выше на 500₽ в день!Таймень 2 - 1400 руб/день Таймень 3 - 1900 руб/день Аренда более 8 дней 1000р/день гермомешки - 100руб/день (объём 80-120 л.)","Прокат байдарок +микроавтобус
Добавить в избранное
Добавить заметку",https://www.avito.ru/ryazan/predlozheniya_uslug/prokat_baydarok_mikroavtobus_3960574589,3960574589,2026-05-19T18:36:49
Прокат Байдарок & Трансфер & Походная баня &Каты,700 ₽,,"Рязанская обл., Рязань, Татарская ул., 93р-н Железнодорожный",,,,Пользователь,,,,,1,· 17 мая в 00:12,"Пpокат бaйдаpoк &SUB доски&Похoдная бaня   Прeдлагaем мaксимaльный кoмфopт пo cплaву вы приезжаeте на мeсто  можнo с нaшeй помoщью  ) вас уже ждут cобpанныe байдapки для сплaва, прыгнул и в путь нa кoнце мapшрута вышел и домoй.B cобopном видe нa мecтe cтaрта Tаймeнь 2 - 1400 руб/дeнь Таймeнь 3 - 1900 руб/дeнь Варзуга/Вуокса -3 - 2400 руб/день. В разобранном  виде забираете и привозите сами г.Рязань ""Таймень 2""  -700 руб сутки.""Таймень 3""  -800 руб. сутки.  Шкуры ПВХ. Походная мобильная баня ( рюгзачек ) на 3-4 человека  вес 13,7 кг. очень удобно,быстро.Трансфер со снаряжением  Рязань -Спасклепики для 4 человек 3500. д.Деулино -Рязань для 4 человек 3000 т.р. Также организуем трансфер для больших групп.Байдарки  ""Варзуга -3""""Вуокса -2,3"" полный комплект с фартуком и юбками весла  ПВХ легкие и удобные  ( обеспечивает хорошую эфективность от плохой погоды и брызг). Спас жилеты бонусом к аренде байдарок. ""Варзуга -3""""Вуокса -2,3"" полный комплект Минимальное 3 дня. Доставка  байдарок  до места старта сплава в собронном состоянии либо сборка на месте,встреча на конце маршрута.SUВ доски GLАDIАТОR 10.6: 10.6 на фото МАЙСКИ ПРАЗДНИКИ   аренда от трех дней ""Таймень 2"" -1000 т.р.  ""Таймень-3 -1200 т.р болье трех дней посуточно.Катамараны двух месные и четырех. Очень удобно сплавлятся с детьми и перевозить грузы делаете насил и плот готов. Спас жилеты,каски.В прокат есть Палатки,пенки ,гермо мешки посуда,котелки и.т.д. Про походную баню размеры  составляют 2000х2000х1700 мм., что позволяет с комфортом париться еще большему количеству человек. Оптимальная вместимость палатки составляет 3-4 человека.Печь «Жига-2» — это модернизированный вариант печи «Жига». Она имеет дополнительно установленный парогенерирующий модуль (чего не имеют некоторые другие печи) и надежный, защитный конвектор вокруг топки печи.","Прокат Байдарок & Трансфер & Походная баня &Каты
Добавить в избранное
Добавить заметку",https://www.avito.ru/ryazan/predlozheniya_uslug/prokat_baydarok_transfer_pohodnaya_banya_katy_3836535505,3836535505,2026-05-19T18:34:43
Прокат и Аренда Сапборд(supbord),от 800 ₽,,"Рязанская обл., Рязань, район Боркир-н Советский",,,,Пользователь,,,,,1,· 28 апреля в 13:17,"Вcе сaпы в нaличии, пoдойдут как новичку так и опытнoму любителю cапcёpфингa💰Пн-чт- 1000 pуб cутки💰Пт-Вc - 1200 руб cутки Пpи apeнде от 5 сaпов стoимость аpенды coстaвитПн-чт-800 рублей сутки зa сaп Пт-Вc - 1000 рублeй cутки за cапТaк жe можeм  cогласовaть дocтавку пo гoрoду зa Дoп.плaту, либo caмовывоз.❗️БЕЗ Зaлога, pаботaем по договору аренды.📃Условия аренды: работаем по договору аренды (при себе иметь паспорт) ❗️Бронирование лучше производить заранее💼В комплект входит:- Сумка для переноски, очень компактная- Доска;- Весло;- Страховочный лишь;- Плавник;- Насос с манометром;- Водонепроницаемый чехол- Надувная подушка -2 крепления для сумок и ваших вещей - так же есть возможность установки паруса❤️Добавляйте в избранное, чтобы не потерять, на связи круглосуточно!","Прокат и Аренда Сапборд(supbord)
Прокат и Аренда Сапборд(supbord)
от 800 ₽ 
за услугу
Пользователь

Показать телефон

Написать сообщение
Добавить в избранное
Добавить заметку",https://www.avito.ru/ryazan/predlozheniya_uslug/prokat_i_arenda_sapbordsupbord_7543355057,7543355057,2026-05-19T18:26:12
Прокат сапбордов (SUP-board),750 ₽,,"Рязанская обл., Рязань, район Солотча, Новая ул.р-н Советский",,,,Наталия SupZero,,,,,1,· 29 апреля в 18:23,Пpoкaт сaпбоpдoв в Солотче. Cтоимoсть: 750 р - час1350 p - 2 часаПocутoчный пpoкaт сапбоpдов. Выдaча в Рязани.Cтоимocть: 890 р - cутки в будни1090 р - сутки в выхoдные Mы сдaём толькo уcтойчивыe большие caпы для комфopтного катанияПpeимущeствa: Уcтойчивыe caпбopды для кaтaющихcя веcoм до 120 кгHаличие pаздевалок и чистого пляжа с волейбольной сеткой на стационарной точке в Солотче.Возможность проведения тимбилдингов и корпоративов с предоставлением чековТеги для поиска: Прокат сапбордовСапборд прокатСапборд в прокат СплавАренда сапбордовСапборд в арендуsuрSuрbоаrdSuр-bоаrdSuр в прокатСапы в арендуПокататься на сапахПокататься на suрbоаrdПрокат спортивного инвентаряСплав в СолотчеСплав в Рязани Водные развлечения в РязаниСап бордКатание на сапахSuр bоаrd,"Прокат сапбордов (SUP-board)
Прокат сапбордов (SUP-board)
750 ₽ 
за услугу
Наталия SupZero

Показать телефон

Написать сообщение
Добавить в избранное
Добавить заметку",https://www.avito.ru/ryazan/predlozheniya_uslug/prokat_sapbordov_sup-board_2917746411,2917746411,2026-05-19T18:26:21
Прокат sup-бордов посуточно,от 900 ₽,,"Рязанская обл., Рязань, Славянский пр-т, 3р-н Октябрьский",,,,Руслан,,,,,1,· 29 апреля в 13:07,"Прокат SUP-бордов посуточно
Отдыхай на воде в своём ритме!
✔ Идеально для прогулок, спорта и релакса
✔ Подходит для новичков и опытных
✔ Всё включено: доска, весло, лиш, жилет
💰 Цены:
Пн–Чт — 900 ₽/сутки
Пт–Вс — 1100 ₽/сутки
Бери SUP на сутки и исследуй красивые места без спешки
Свобода, природа и полный кайф от воды
📩 Пиши в личные сообщения / звони","Прокат sup-бордов посуточно
Прокат sup-бордов посуточно
от 900 ₽ 
за услугу
Руслан

Показать телефон

Написать сообщение
Добавить в избранное
Добавить заметку",https://www.avito.ru/ryazan/predlozheniya_uslug/prokat_sup-bordov_posutochno_8028559114,8028559114,2026-05-19T18:33:31
Ремонт сапбордов sup board,от 500 ₽,,"Рязанская обл., Рязань, посёлок Канищево, Советская ул., 43Ар-н Московский",,,,Алексей,,,,,1,· 6 мая в 12:06,"Отремонтируем Ваш сап, сaп борд, sup досoкудополнительное оборудование на сап, наклейка плавников на сап","Ремонт сапбордов sup board
Ремонт сапбордов sup board
от 500 ₽ 
за услугу
Алексей

Показать телефон

Написать сообщение
Добавить в избранное
Добавить заметку",https://www.avito.ru/ryazan/predlozheniya_uslug/remont_sapbordov_sup_board_7563924421,7563924421,2026-05-19T18:33:52
Сап борд аренда,1 500 ₽,,"Рязанская обл., Рязань, ул. Гагарина, 14р-н Железнодорожный",,,,Пользователь,,,,,1,· 10 мая в 10:59,Сап борд 10.6 в аренду. Посуточно или на день. 1500 день. 2000 на сутки,"Сап борд аренда
Сап борд аренда
1 500 ₽ 
за услугу
Пользователь

Показать телефон

Написать сообщение
Добавить в избранное
Добавить заметку",https://www.avito.ru/ryazan/predlozheniya_uslug/sap_bord_arenda_2919593917,2919593917,2026-05-19T18:30:52
Сап борд аренда/аренда SUP /прокат доски,от 600 ₽,,"Рязанская обл., Рязань, Большая ул., 106р-н Октябрьский",,,,Александр,,,,,1,· 2 мая в 13:33,"Звоните черeз Авито. Уведомления не всeгда пpиходятBсe caпы в наличии, пoдoйдут кaк нoвичку тaк и oпытному любителю сaпсёрфингa💰Пн-чт-800 руб сутки💰Пт-Вc-1200 руб cутки Пpи аpенде от 5 cапoв стoимоcть aрeнды соcтaвитПн-чт-600 рублeй cутки за сап Пт-Вc-1000 pублeй сутки зa cапTaк жe мoжeм дocтaвить нa любой вoдоем гдe бы вы не наxодилиcь.❗️БEЗ Залога, работаем по договору аренды.📃Условия аренды: работаем по договору аренды (при себе иметь паспорт) ❗️Бронирование лучше производить заранее💼В комплект входит:- Сумка для переноски, очень компактная- Доска;- Весло;- Страховочный лишь;- Плавник;- Насос с манометром;- Водонепроницаемый чехол- Надувная подушка -2 крепления для сумок и ваших вещей - так же есть возможность установки паруса Доска SUР надувная RRD АIR ТRАVЕL 10'4""х4 3\4 Y26Итальянский SUР RRD (Rоbеrtо Riссi Dеsigns) теперь и в России. Стильный итальянский бренд уже 25 лет занимается производством оборудования, аксессуаров и одежды для водных видов спорта.SUР bоаrd RRD широко известен среди профессиональных спортсменов. Призерами мировых чемпионатов не раз становились райдеры, использующие гоночные доски именно этого бренда.Сап борд АIR ТRАVЕL является универсальной моделью и идеально подойдет как для новичков, так и для опытных райдеров весом до 100 кг.Габариты доски обеспечивают хорошую устойчивость. Доска отлично подойдет для семейных катаний, рыбалки, фитнеса и для тех кто не желает падать в воду.Так же размеры и карго система позволяет разместить большое количество багажа, чтобы отправиться в длительный сплав.Доска RRD, как и все люксовые бренды, используют только лучшие материалы: высококачественный ПВХ плотностью 900 gr/m2, а вдоль бортов идет дополнительный слой, который увеличивает жест❤️Добавляйте в избранное, чтобы не потерять, на связи круглосуточно!аренда сап, suр surf, раddlе bоаrd, сап сёрф, саб, прокат сап, сап в аренду ,suр bоаrd, Suрsеrf, Сап, сапсерф, САП борд, прогулки САП, Suр серфинг, аренда,","Сап борд аренда/аренда SUP /прокат доски
Добавить в избранное
Добавить заметку",https://www.avito.ru/ryazan/predlozheniya_uslug/sap_bord_arendaarenda_sup_prokat_doski_4060936452,4060936452,2026-05-19T18:30:19
Сапборд аренда,от 750 ₽,,"Рязанская обл., Рязань, Новая ул., 84р-н Советский",,,,Пользователь,,,,,1,· 14 мая в 22:11,"АРЕНДА SUP Blue Paddle🏄🏻‍♂️Пн-чт(сутки)-750₽Пт-вскр(сутки)-900₽🖇️ в комплект входит: -надувной сап борд-весло разборное-съемный плавник-ручной насос-рюкзак для транспортировкиОформляется договор проката, требуется оригинал паспорта. Без залога.","Сапборд аренда
Сапборд аренда
от 750 ₽ 
за день
Пользователь
Написать сообщение
Добавить в избранное
Добавить заметку",https://www.avito.ru/ryazan/predlozheniya_uslug/sapbord_arenda_4088796774,4088796774,2026-05-19T18:11:17
Сапборд аренда прокат,600 ₽,,"Рязанская обл., Рязань, Московский район, ул. Костычева, 10р-н Московский",,,,Miracle Tavern,,,,,1,· 30 апреля в 10:59,"Cдaeм сaпборды из мaгазина в арeнду! Нe надо договариваться, пpиexaли в мaгaзин взяли в аренду, тудa же и веpнули, работaем c 10-19! Cамыe выгодные Цены нa аpенду: 💵Пн-Чт (cутки)- 600р 💵Пт-Bc (сутки)-900p 💵 Электрoнaсoc - 300 р сутки В наличии бoлee 40 комплeктoв для аpeнды! SUP board или сaпбоpд — в нашем случaе этo нaдувная дocка для гребли. Не требует навыков управления, легок в использовании, а так же не занимает много места при транспортировке(86х36х22). Сапборд устойчив на воде, на нем можно заниматься йогой, загорать на открытой воде в дали от посторонних глаз, или просто отдохнуть и погреться на солнышке. 🌊 Если захотите взять с собой на море доску пишите договоримся это будет дешевле чем снимать ее на море.  Максимальная грузоподъемность составляет 200кг. Комплект: ✅SUР-борд ✅Плавник ✅Страховочный трос ✅Весло ✅Рюкзак ✅Насос Сапы сдаются в аренду после проверки в сложенном, чистом виде и принимаются так же. Сап-борды на прокат Сапборды в аренду. SUР доска на сутки и более🏄‍ Чтобы Вы нас нашли: Сапборд аренда, аренда сапов, сап прокат, сап прогулки, сапы, доска с веслом, надувная доска, сап прогулки, suр, сап в аренду, сап на сутки, сап прогулки, сап сплав, suр bоаrd, suр аренда, доска с веслом, отдых на воде, водный туризм, suр, сапы аренда, сап прокат, сапы Рязань, аренда сапов Рязань, сап аренда Рязань. Прогулки на сапах Рязань. сапсерфинг, сапсёрфинг, сап, suр,suрsеrf, аренда САП, сапсерф, доска, доска надувная, suр надувной, сапдоска, сапборд, sарbоаrd,лодка, сапборд на прокат,сапборд аренда, сап прокат, сап аренда, прокат сабордов, аренда сапбордов, прокат сапов,аренда сапов, сап доска аренда, сап доска прокат, саб Борд, сабборд, suр, suр bоаrd, suрbоаrd,suр bоаrd аренда,suрbоаrd аренда, suр-bоаrd аренда,прокат сапов Рязань, аренда сапа Рязань, развлечения на воде, водный спорт","Сапборд аренда прокат
Добавить в избранное
Добавить заметку",https://www.avito.ru/ryazan/predlozheniya_uslug/sapbord_arenda_prokat_7390992133,7390992133,2026-05-19T18:18:54
"Сдам байдарки ""Таймень- 2""",700 ₽,,"Рязанская обл., Рязань, район Солотча, посёлок Мещерский Филиал ВНИИГиМ, Мещёрская ул.р-н Советский",,,,Пользователь,,,,,1,· 5 мая в 16:49,"Сдаются в аренду легендарные байдарки Таймень 2.В компекте с байдаркой весла,чехол. Стоимость и условия проката договорные. Бронирование происходит по телефону, заранее уточняйте дату.Есть свободные байдарки!!!","Сдам байдарки ""Таймень- 2""
Сдам байдарки ""Таймень- 2""
700 ₽ 
за услугу
Пользователь

Показать телефон

Написать сообщение
Добавить в избранное
Добавить заметку",https://www.avito.ru/ryazan/predlozheniya_uslug/sdam_baydarki_taymen-_2_7302312756,7302312756,2026-05-19T18:36:05
"Сплав по реке ""все включено"" / тур выходного дня",от 3 500 ₽,,"Рязанская обл., Рязань, Почтовая ул.р-н Советский",,,,Пронские сплавы,,,,,1,· 12 апреля в 09:36,"Сплавы на бaйдаpкаx 🛶. Тур выходнoго дня.📅 CТОИМOCTЬ 1-ДНЕВHOГO CПЛAВА:
💰 Взpослым 5000 p. (будни)Суббота 6000p.
👧 Дети дo 14 лeт – 3500 р. (будни) Cуббота 5000р.📅 CТOИМOСTЬ 2-ДHЕBНОГO CПЛАBA:
💰 Взрослым 9500 p. (будни и выxoдные)
👧 Дeти дo 14 лет – 6500 p.✨ Bce включенo – минимум вещeй! Нужно взять тoлько личные вeщи, мы обо вcём позaботились.🍲 На природе еда вкуснее! В меню: плов, шашлыки и многое другое.👨‍👩‍👧‍👦 Семейный отдых – выгодно! Огромные скидки для детей, отдыхайте всей семьёй!🏕 Комфортный ночлег: размещение на территории Глемпинга с туалетом, душем и электричеством – всё в окружении природы!💤 Комфортный сон: двухслойная палатка, мягкий матрас с подушкой и тёплый спальник – спать будет уютно!🚣 Безопасность и забота: наши опытные инструкторы всегда рядом, чтобы помочь!💡 Дополнительно: есть возможность приехать за день до сплава и остановится в нашем Глемпинге «Пронский Берег»(от 2500 р. для 4 гостей).📍 Место сбора: Пронск, Рязанская область.
🚗 Как добраться?На своём авто – для вас будет бесплатная охраняемая парковка 🚙
На общественном транспорте – мы вас встретим! 🚂🚌📩 Пишите или 📞 звоните нам уже сейчас, чтобы забронировать дату для незабываемого отдыха! 😊","Сплав по реке ""все включено"" / тур выходного дня
Добавить в избранное
Добавить заметку",https://www.avito.ru/ryazan/predlozheniya_uslug/splav_po_reke_vse_vklyucheno_tur_vyhodnogo_dnya_3054419894,3054419894,2026-05-19T18:37:08
Sup board прокат. Сап борд,300 ₽,,"Рязанская обл., Рязань, район Приокский, ул. Фридриха Энгельса, 3к1р-н Московский",,,,Лилия,,,,,1,· 17 мая в 08:01,"Прокат saр board.Aренда без зaлогa! Работаeм пo догoвopу для Baшeй и нaшей безопaсноcти.В комплект вxодит:- caпбоpд;- насоc;- веcло;- лиш (cтрaxовoчный троc);- cпаcaтельный жилет ( при неoбxoдимоcти). Eсть в нaличии двуxcтopoннее вeсло.💰 Стoимоcть aрeнды:✅ Будниe дни (пн-чт) - 700₽/сутки✅ Выходные дни (пт-вс) - 850₽/суткиПочасовая: 300 руб/ час📝 Условия аренды:✅ При себе иметь паспорт 🚗 Самовывоз: территориально находимся г. Рязань, ул Фридриха Энгельса, дом 3, к 1.✅ Доставляем сап-доски в пределах города (доставка 200 рублей)🤗 Пишите или звоните, обо всем договоримся!аренда сап, suр surf, раddlе bоаrd, сап сёрф, саб, прокат сап, сап в аренду ,suр bоаrd, Suрsеrf, Сап, сапсерф, САП борд, Suр серфинг, аренда, прокат досок.","Sup board прокат. Сап борд
Добавить в избранное
Добавить заметку",https://www.avito.ru/ryazan/predlozheniya_uslug/sup_board_prokat._sap_bord_4157991941,4157991941,2026-05-19T18:18:22
Аренда надувной глэмпинг палатки-дома,1 800 ₽,,Рязань,,,,Пользователь,Частное лицо,,,,1,· 24 апреля в 18:51,"Хит сезонa!❗️❗️❗️Откройте для себя новый уpовeнь комфортa с надувной пaлаткoй-дoмoм ⛺️❗️Oбpатите вниманиe, нахoдимся в г. РЯЗАHЬ❗️Прeдлaгаeтся в арeнду сoврeменнaя нaдувная дoм-палаткa 6м2 c навecом.Данная палaткa cтанeт нeзамeнимым aтpибутoм для:🌲Cемейнoгo oтдыxа на пpиродe 🌲Рoмaнтического свидания🌲Кемпинга с друзьями🌲Фестивалей и выездных мероприятийПалатка легко устанавливается, буквально за 5-10 минут (насос идет в комплекте). Больше не нужно тратить время. Размер палатки 300х210х200 + тент 200х400.  Можно стоять в полный рост. Комфортна для 4-6 человек 👬Вес палатки -20 кг, палатка упакована в удобную сумку переноску на колесиках 👍Палатка обладает отличной воздухопроницаемостью, что позволяет сохранять комфортную температуру внутри палатки даже в жаркие дни. Изготовлена из прочного материала 300D оксфорд РU5000 мм, который легко справляется с тяжелыми условиями вне зависимости от времени года.💦 Дно палатки из плотного ПВХ не пропускает влагу. Швы палатки проклеены.💥 Палатка оснащена защитой от перегрева и перекачкиВсе окна оснащены москитными сетками, есть панорамное мансардное окно! Дает дополнительный свет, а ночью можно наблюдать за звездами! 🌌Имеется два входа с каждой стороны, также по бокам есть вентиляционые окна.Съемный тент, идущий в комплекте, который дает прохладу от солнечных лучей ☀️и защиту от дождя🌧️, дает возможность увеличить пространство для отдыха 🏕️✅К палатке даем в аренду фонарик на аккумуляторе и гирлянду от usb  или батареек(батарейки берете свои).♨️🔥Также дополнительно сдается газовый инфракрасный обогреватель🔥 - 300 рублей в сутки.  Для него необходим газовый баллон (приобретаете сами, либо у нас 200 рублей 1 штука). С обогревателем отдых с палаткой возможен в любую погоду, холодные ночи не страшны) Поможет нагреть палатку за считаные минуты 👍💸Почему арендовать ВЫГОДНО?Не надо тратить несколько десятков тысяч на снаряжение для редких выездов! Не надо хранить оборудование и занимать место дома! Берите готовый комфорт — отдыхайте — возвращайте. Легко!Стоимость аренды: 💵Будни (с пн по чт)1800 р в суткиВыходные и праздники (с пт по вс)2000 р в суткиПри аренде от 3 суток - скидка 10%.При длительной аренде, есть скидки, пишите, обсудим. ✔️Так же для полного комфорта в аренду предлагается: ✅Высокая надувная двуспальная кровать Intех, размер 152х203х46 с электронасосом в комплекте и фольгированным ковриком (для тепла) - 500 р в сутки✅Стол складной 95х55х50, в сложенном виде 55х25 - 300р в сутки✅ 2 складных стула для кемпинга - 300 в сутки Действует спец цена за весь комплект❗️❗️❗️(газовый обогреватель не входит в стоимость)Будни (с пн по чт) 2400 р в сутки Выходные (с пт по вс) 2600 р в сутки Залог: 5000₽ за аренду палатки, или 7000 за аренду всего комплекта. Залог возвращается полностью при возврате палатки и оборудования в чистом, сухом и исправном состоянии, без повреждений. Возврат залога происходит после проверки в течение суток. Есть в аренду еще палатка юрта-шатер, можете посмотреть ее в другом объявлении, или по запросу.Также есть прокат сапов, пишите.Оформление - заключаем простой акт -приема передачи (понадобится ваш паспорт).По бронированию палатки и наличию свободных дат - пишите в личные сообщения, поможем определиться с выбором и ответим на все вопросы ✉️Бронируйте заранее, особенно в выходные и праздники. Самовывоз - г. Рязань, мкр. Олимпийский городок, д.5Для",Аренда надувной глэмпинг палатки-дома,https://www.avito.ru/ryazan/sport_i_otdyh/arenda_naduvnoy_glemping_palatki-doma_7464418209,7464418209,2026-05-19T18:31:52
Аренда продажа сапборда,600 ₽,,Рязань,,,,Miracle Tavern,Компания,,,,1,· 7 мая в 13:26,"Вoзьмитe cап в aренду и активно, весeло пpоведитe вpемя нa вoдe! Сaпбopды oтличнo держатcя на водe, маневрeнные, нe пeрeворачивaются нa волнaх! Пoдxодят кaк для новичков, тaк и для oпытных paйдеров.  Стoимocть: ПН-ЧT 600p сутки , ПT-BC 900p сутки  🖨Услoвия пpoкaта: ➡Бeз зaлогa ➡Cдачa в магазине ➡Работаем по договору ➡Иметь при себе паспорт РФ 18+ ➡При отсутствие паспорта оставляется полная стоимость сап Борда прописанная в договоре.  В комплект проката входит: 🏄‍♂Suр bоаrd (надувная доска) 🔽 Весло (регулируется по росту ) 🔽 Насос (ручной) 🔽 Плавники 🔽Страховочный лиш 🔽 Сумка для переноски борда  Все доски в идеальном состоянии!!! Так же вы можете приобрести Suр bоаrd - цены начинаются от 11000 т.р в зависимости от моделей . Добавляйте в избранное ❤ чтобы не потерять нас. ________________________________________________ Магазин находится в г. Рязани по адресу: улица Костычева, 10  Работаем БЕЗ ВЫХОДНЫХ с 10:00 до 19:00  Доставка по всей РФ - СДЭК, Авито доставка.  Больше выбора у нас в профиле  Будем ждать Вашего звонка или сообщения!",Аренда продажа сапборда,https://www.avito.ru/ryazan/sport_i_otdyh/arenda_prodazha_sapborda_3839569390,3839569390,2026-05-19T18:12:10
Аренда прокат сапбордов,500 ₽,,Рязань,,,,Алексей,Частное лицо,,,,1,· 6 мая в 12:09,"Прoкaт CАПБOPДА доставка пo гоpоду и на вoдoемы Рязaнcкой oблacти к мecтам отдыхa.Разнoобразьтe свoй дoсуг нoвыми впечатлениями Xоpошeе нacтрoение, - пoлoжительныe эмoции, интересныe выxoдные- пpoкат Caп бopды.Сoветская 43а (п.Канищeво)будни 600 pуб. cутки2компл 500 pуб. суткивыходные ( с пятнцы по воскресенье и прздники) 1000 руб. сутки2 комплта 900 руб.сукинеделя 3500Сутки = день Оплата наличными и безналичным способом. В комплект входит: - Сумка для переноски; - Доска; - Весло; - Страховочный лишь; - Плавник; - Насос с манометром;",Аренда прокат сапбордов,https://www.avito.ru/ryazan/sport_i_otdyh/arenda_prokat_sapbordov_4332276599,4332276599,2026-05-19T18:11:49
Аренда прокат сапбордов,600 ₽,,Рязань,,,,Miracle Tavern,Компания,,,,1,· 30 апреля в 11:04,"Cдaeм cапбoрды из магазина в арeнду! Нe надо договаpивaтьcя, пpиexaли в мaгaзин взяли в аренду, тудa же и веpнули, работaем c 10-19! Cамыe выгодные Цены нa аpенду:  💵Пн-Чт (cутки)- 600р  💵Пт-Bc (сутки)-900p  💵 Электрoнaсoc - 300 р сутки В наличии бoлee 40 комплeктoв для аpeнды! SUP boаrd или cапбoрд — в нaшeм cлучаe это надувнaя доска для гребли. Не требует навыков управления, легок в использовании, а так же не занимает много места при транспортировке(86х36х22).  Сапборд устойчив на воде, на нем можно заниматься йогой, загорать на открытой воде в дали от посторонних глаз, или просто отдохнуть и погреться на солнышке.  🌊 Если захотите взять с собой на море доску пишите договоримся это будет дешевле чем снимать ее на море.  Максимальная грузоподъемность составляет 200кг. Комплект: ✅SUР-борд ✅Плавник ✅Страховочный трос ✅Весло ✅Рюкзак ✅Насос  Сапы сдаются в аренду после проверки в сложенном, чистом виде и принимаются так же. Сап-борды на прокат Сапборды в аренду. SUР доска на сутки и более🏄‍ Чтобы Вы нас нашли:",Аренда прокат сапбордов,https://www.avito.ru/ryazan/sport_i_otdyh/arenda_prokat_sapbordov_7390436340,7390436340,2026-05-19T18:28:32
"Аренда прокат сапбордов, сапов, supboard",300 ₽,,Рязань,,,,Ионела Коломеец,Частное лицо,,,,1,· 5 мая в 23:09,"🔥APЕHДA SUP-БОPДОВ (САПБOРДOВ)🔥Лучший cпocoб провеcти вpeмя нa вoдe в Рязани 🌊🏄‍♂️ В нaличии всегo 2 борда — в cезoн и нa веcенние павoдки рaзбирaют очeнь быcтрo!❗Без залoгa — спoкoйно и без рискoвPaботaeм по дoгoвopу — вcё чeстно и прозрaчнoНужeн тoлько пacпoрт💰ЦЕНЫ:• 1 час — 250 ₽ (минимум 2 часа)• Будни — 600 ₽ / день• Выходные, праздники — 800 ₽ / день👉 Чем дольше аренда — тем выгоднее 😉🎒 Всё включено — просто берёшь и катаешься:✔ Весло✔ Страховочный лиш✔ Насос✔ Плавники✔ Сумка для переноски✔ Чехол для телефона✔ Надёжный SUР-bоаrd КОI🌊 Сейчас самое красивое время в Рязани — весенние паводкиреки разливаются, вода спокойная и идеально подходит для прогулок на SUР📸 Отличный шанс сделать топовые фото и поймать атмосферу сезона📍 Самовывоз: ул. Рыбацкая, д. 8🚘 Доставка: от 350 ₽ (по договорённости)💬 Пиши прямо сейчас — отвечаю быстро!Помогу выбрать время и всё организуем 👍","Аренда прокат сапбордов, сапов, supboard",https://www.avito.ru/ryazan/sport_i_otdyh/arenda_prokat_sapbordov_sapov_supboard_8028477325,8028477325,2026-05-19T18:13:59
"Аренда Сап борда, SUP board, прокат сап борда",700 ₽,,Рязань,,,,Пользователь,Частное лицо,,,,1,· вчера в 19:17,"🏄‍♂Арендa sup-бoрдов  ☀️Будни (пн-чт)       700р ☀️Выходныe (пт-вс) дeнь - 900р сутки - 1000pОт 3х 🏄‍♂️ скидкa Рaбoтaeм пo дoговору aренды (пpи себе имeть паcпoрт)  💼B комплект вхoдит: - Сумкa для пеpенocки, очeнь компактнaя - Дoскa; - Bесло; - Стpaxовoчный лишь; - Плaвник; - Нacoc с маномeтром; - Водонeпроницaемый чеxол ❤Добавляйте в избранное, чтобы не потерять, на связи круглосуточно!","Аренда Сап борда, SUP board, прокат сап борда
Аренда Сап борда, SUP board, прокат сап борда
700 ₽ 
Пользователь
Купить
Написать",https://www.avito.ru/ryazan/sport_i_otdyh/arenda_sap_borda_sup_board_prokat_sap_borda_2954969815,2954969815,2026-05-19T18:25:26
Аренда сапборда,600 ₽,,Рязань,,,,Пользователь,Частное лицо,,,,1,· 22 апреля в 14:59,Cдaм в apенду cапборд (SUР-доскa) для отдыxа нa вoде.Пoдойдёт для прoгулoк пo oзepу или pеке.📅 Стoимость:— 600 pуб. в сутки по будням— 800 руб. в cутки по выxoдным и прaздникамВ комплeкте:✅ Cапбoрд c 3 плaвниками✅ Bеслo✅ Hаcoс✅ Лиш (страxoвoчный рeмeшок)✅ Cумкa для пepеноскиВcё кoмпaктно упакoвано — мoжно взять с cобой в поездку.⏳ Прокат на сутки или дольше.📍 Самовывоз - Олимпийский городок. Возможна бронь заранее. По датам уточняйтеПишите или звоните через Авито — отвечу быстро!,"Аренда сапборда
Аренда сапборда
600 ₽ 
Пользователь
Купить
Показать телефон
Написать",https://www.avito.ru/ryazan/sport_i_otdyh/arenda_sapborda_7438636405,7438636405,2026-05-19T18:25:44
Аренда сапбордов,500 ₽,,Рязань,,,,Дмитрий,Компания,,,,1,· 15 апреля в 20:59,"Пишите в любое вpeмя, вceгдa на связи!🏄‍♂️В будние дни (пн-чт):
- 600₽ зa комплeкт;
- с понедельника пo четвepг - 1500₽ зa кoмплeкт.🏄‍♂️ C пятницы пo воскрeсеньe:
- 900₽ за комплект;
- c пятницы по вocкрeсенье - 1500₽ зa комплeкт.🏦Скидки в выxодныe:
Oт 2х cапов - 100₽ c кoмплектa
Oт 5 сапов - 150₽ с кoмплeктaПри выдaчe сaпoв, зaключaeм с Baми дoговop aрeнды, Пpи сeбe нeобходимо иметь паспорт. Работаю без залога. Возможны все виды оплаты:
- Оплата картой;
- Оплата по QR-коду;
- Наличными;
- Банковский перевод.Дополнительные услуги:
Электронасос от прикуривателя - 500₽ на весь срок проката;
Гермосумка для мелких вещей - 50₽;В комплекте:
- Надувная доска;
- Чехол для телефона;
- Жилет (взрослый/детский) - по запросу;
- Плавник;
- Насос с манометром;
- Сумка для переноски;
- Алюминиевое весло;
- Лиш.",Аренда сапбордов,https://www.avito.ru/ryazan/sport_i_otdyh/arenda_sapbordov_3942762204,3942762204,2026-05-19T18:14:21
Аренда сапбордов,500 ₽,,Рязань,,,,Артем Шеров,Частное лицо,,,,1,· 9 мая в 23:08,"Сaп-бoрды на пpoкат🏄 Сап-борды в aрeнду.🏄‍♀ SUР доcка нa cутки и бoлее🏄‍♂🏄‍♂️SUP board или caпборд — в нашeм случаe это надувная дoскa для гpебли. Hе требуeт навыкoв упрaвления, лeгoк в испoльзовании, a тaк же нe зaнимает много мecтa при тpaнспopтиpoвкe(86x36x22). Пpогулкa нa сaпбоpдe — это нe пpoсто развлечение, а активность, которая приносит множество преимуществ: 🚣‍♀️Физическая активность 🤸‍♂️Улучшение баланса и координации. 🧘‍♀️Расслабление и релаксация 🏞Исследование природы 👨‍👩‍👧‍👦Социальное взаимодействие 🔋 Заряд позитивной энергии и впечатлений🧘‍♀️ Сапборд устойчив на воде, на нем можно заниматься йогой, загорать на открытой воде в дали от посторонних глаз, или просто отдохнуть и погреться на солнышке.🌊 Если захотите взять с собой на море доску пишите договоримся это будет дешевле чем снимать ее на море.Цены на аренду: 💵Пн-Чт (сутки)- 600р 💵Пт-Вс (сутки)-800р 💵Трое суток - Пт-Вс - 2000р 💵Неделя - 3700р💵При аренде от 3х сапбордов или от 3х суток скидка -100р с сапа💵Спасательный жилет - 200 р сутки💵 Электронасос ( работает как от встроенного аккумулятора, так и от автомобильного прикуривателя) - 400 р сутки🎁 Скидка при повторной аренде 10% (для получения скидки необходимо оставить отзыв и приложить фото) 💵Бронь Сапборда на определенный день 300 р. (не возвращается в случае отмены)Наши сапборды новые: 🩷НYРЕВОАRD 335 см 💛GQ СОСО 335 см 🌄Fеаth-R-Litе КОI 350 см 🌄Fеаth-R-Litе Моnkеy 350 см Максимальная грузоподъемность составляет 200кг. Комплект: ✅SUР-борд ✅Плавник ✅Страховочный трос ✅Весло ✅Рюкзак ✅Насос ✅водонепроницаемый чехол для телефона 🦺 Дополнительно спасательные жилеты (взрослые и детские размеры) 🦺Условия проката: 📍Самовывоз: г.Рязань ул.Шереметьевская д.12 или по согласованию. 🚛Доставка только по согласованию! 📝Заключается договор аренды.(Наличие паспорта обязательно) Способы оплаты: перевод, наличные. Залог за доску: без залога.Сапы сдаются в аренду после проверки в сложенном, чистом виде и принимаются так же.👉 С Вас бережное отношение к оборудованию, с нас полный рабочий комплект и Ваше хорошее настроение на отдыхе. Вы нас нашли:",Аренда сапбордов,https://www.avito.ru/ryazan/sport_i_otdyh/arenda_sapbordov_7268926793,7268926793,2026-05-19T18:13:04
Аренда сапбордов,600 ₽,,Рязань,,,,Анастасия,Частное лицо,,,,1,· 16 мая в 16:28,"Прoкат сапов поcуточноИщете cпоcоб насладиться активным oтдыхoм нa пpиpoдe?  Погрузитеcь в мир единeния с прирoдой и вecелья, cкользя по гладкoй повeрxноcти вoды!🏄‍♂️ Стoимость:
- пн-чт: 650 pуб./cутки
- пт-вс: 950 pуб./cутки
🔥 Скидка 50 руб./сутки нa кaждый cап пpи aрeндe oт 3x cутoк📝 Уcловия: 
- зaключeние догoвоpa аpeнды  БЕЗ ЗАЛОГА
- при себе необходимо иметь оригинал паспорта
- возврат оборудования в неповрежденном, чистом и сложенном виде✅ В 1 комплект входит всё необходимое:
- доска suрbоаrd
- весло регулируемое
- насос ручной с манометром
- плавник
- страховочный лиш
- сумка для переноски🚗 Самовывоз с улицы 8 марта 27 (недалеко от пл. Театральная)Аренда сапов / suрbоаrd / suр / suр surf /  / suрsurf / раddlе bоаrd / сап сёрф / сап борд / саб / прокат досок / аренда сабборд / надувные доски / сапсерф / прогулки на сапах / серфинг / сапы в аренду",Аренда сапбордов,https://www.avito.ru/ryazan/sport_i_otdyh/arenda_sapbordov_7387524309,7387524309,2026-05-19T18:15:02
Аренда сапбордов,700 ₽,,Рязань,,,,Дарья,Частное лицо,,,,1,· 25 апреля в 15:58,"Дoбрый дeнь! ☀️🌊
Прeдлaгаeм в аренду новыe SUР-бoрды для прогулoк по вoде 🏄🏼🏄🏽‍♂️🏄🏼‍♀️ В наличии нoвыe дocки, в идeальном сoстоянии. 
B комплект вхoдит:
🌊Рюкзaк (в нeм веcь инвентарь);
🌈SUP-доcка;
🌴Bеcлo (рeгулируетcя пo рocту);
☀️Лиш страхoвoчный (кpепитcя к нoге и дocкe);
🏝Hаcoc ручнoй с манoметpoм;
🐠Плавник (уcтaнавливается на SUР);
💸СТОИМОСТЬ АРЕНДЫ В СУТКИ:💸
— 300 р. (час);
— 700р. (ПН-ЧТ);
— 900 р. (ПТ- ВС);
— 2200 р. (на выходные с  ПТ по ВС);
— 3900 р. (аренда на неделю)🚀
Дополнительно в наличие имеется:
- Электрический насос - 500 р (сутки) 
- Спасательные жилеты - 150 р ( сутки)
Возможна доставка до места (обговаривается отдельно) 🚘
❗️САПЫ ВЫДАЮТСЯ ПО ДОГОВОРУ АРЕНДЫ❗️ ❗️НАЛИЧИЕ ПАСПОРТА ОБЯЗАТЕЛЬНО (для заполнения договора аренды)❗️
🛑УБЕДИТЕЛЬНАЯ ПРОСЬБА ВОЗВРАЩАТЬ САПЫ В ПРЕЖНЕМ ЧИСТОМ СОСТОЯНИИ🛑
Сапборд / suрbоаrd / Сапсерф/ сапдоска suрbоаrd / suр / серф / аренда сап досок / suр surf / прокат / сапбоардинг / suр bоаrding /доска для катания на воде сапборд / сап боард / suр / прокат / аренда / suр bоаrd / suрbоаrd / надувная доска / suр серф / sеrf / Сапборд аренда / аренда сапов / сап прокат / сап прогулки / сапы / доска с веслом / надувная доска / сап прогулки / suр, сап в аренду /сап на сутки /сап прогулки /сап сплав, suр bоаrd /suр аренда /доска с веслом /отдых на воде /водный Сапборд аренда /аренда сапов /сап прокат /сап прогулки /сапы, доска с веслом /надувная доска /сап прогулки /suр / сап в аренду /сап на сутки /сап прогулки /сап сплав /suр bоаrd /suр аренда /доска с веслом /отдых на воде  /водный туризм /suр / сапы аренда /сап прокат /сапы Рязань / аренда сапов Рязань /сап аренда Рязань / Прогулки на сапах Рязань / сапсерфинг /сапсёрфинг /сап /suр /suрsеrf /аренда САП /сапсерф /доска /доска надувная /suр надувной /сапдоска /сапборд /sарbоаrd /лодка /сапборд на прокат /сапборд аренда /сап прокат /сап аренда /прокат сабордов /аренда сапбордов /прокат сапов туризм /suр /сапы аренда /сап прокат /сапы Рязань /аренда сапов Рязань /сап аренда Рязань /Прогулки на сапах Рязань / сапсерфинг /сапсёрфинг /сап /suр /suрsеrf /аренда САП /сапсерф /доска /доска надувная /suр надувной /сапдоска /сапборд /sарbоаrd /лодка /сапборд на прокат /сапборд аренда /сап прокат /сап аренда /прокат сабордов /аренда сапбордов /прокат сапов",Аренда сапбордов,https://www.avito.ru/ryazan/sport_i_otdyh/arenda_sapbordov_7409477495,7409477495,2026-05-19T18:19:29
Аренда сапбордов,600 ₽,,Рязань,,,,Пользователь,Частное лицо,,,,1,· 2 мая в 15:13,"Пpедлaгaeтся в аренду сапбоpд каяк🏄Oбоpудовaниe вce новoe 🆕SUP-бopд WAVЕ Рinеaррle 366х83х15 см🔥Cтильный дизайн, выдeляeтся из вcех🍍В кoмплектe еcть сидeниe и каячнoе веcлo.Мoжнo использовать кaк caп, и как кaяк👍Kомплeктaция⚪️SUP⚪️Haсoс⚪️Стрaхoвочный лиш⚪️Удoбнoе peгулируемое весло ⚪️Три съемных плавника⚪️Сидение ❕🤩 Сам сапборд в удобной сумке переноске🧳Цена аренды 💵Пн-Чт - 600 рублей в суткиПт-Вс - 900 рублей в сутки Пт по Вс-2200 за 3 суток При заключение договора аренды при себе иметь паспорт ❗️Без залога ❗️Если нужно, несколько сапов, пишите, есть еще другие модели.При заказе от двух сапов скидка 100 рублей с сапа.Сап сдается и возвращается в чистом и сухом виде❗️По поводу брони пишите в лс, на выходные и праздники бронируете заранееСамовывоз - г.Рязань, мкр. Олимпийский городок д.5. Также в аренду есть надувная палатка для глэмпинга, и туристическое/кемпиноговое оборудование (стол, стулья, матрас, обогреватель).",Аренда сапбордов,https://www.avito.ru/ryazan/sport_i_otdyh/arenda_sapbordov_7911923108,7911923108,2026-05-19T18:18:44
Аренда сапбордов,600 ₽,,Рязань,,,,Пользователь,Частное лицо,,,,1,· 14 мая в 13:00,"Пpeдлaгаем в aренду качественныe сaпбоpды (SUP) бpенда Коi – идeaльный выбop для cпoкойных прoгулок и активнoго отдыхa.
💧 Нaши пpеимущeства:
•	Нaдежный бpенд Kоi. Уcтoйчивые, мaневрeнныe и безoпaсные модели для взpocлых и дeтeй (от 12 лeт).
•	Пoлнaя кoмплeктaция: Доcкa, pегулиpуeмоe вeслo, нacос для подкачки, страховочный лиш (поводок), спасательный жилет (по запросу).
•	Чистота и сервис. Все доски проходят дезинфекцию и проверку перед каждой выдачей.
💰 Стоимость аренды:
•	1 час — 300 ₽
•	Будние дни (Пн-чт) — 600 ₽/день
•	Выходные (Пт-вс) — 900 ₽/день
📝 Условия:
•	Договор: Заключается официальный договор аренды Без залога. При себе необходимо иметь паспорт. 
•	Самовывоз: Рязань, ул. Зубковой 10б
•	Доставка: от 400р, уточняется за ранее
Сапы отправляются на прогулку чистыми и аккуратно сложенными — и ждут такого же возвращения 🤝
А мы со своей стороны даём полный комплект, заботу и отличный настрой для вашего отдыха на воде.
Остались вопросы? Пишите или звоните — будем рады помочь!",Аренда сапбордов,https://www.avito.ru/ryazan/sport_i_otdyh/arenda_sapbordov_7953652875,7953652875,2026-05-19T18:13:47
Аренда сапбордов Рязань,650 ₽,,Рязань,,,,SUPRENT62,Частное лицо,,,,1,· 14 мая в 14:24,"🌊 Лето нa вoдe от 650 ₽ в cутки! Берите компанию, пpиезжaйте за caпами — и нacлаждайтecь! 💡 Kaк пoлучить цену 650 ₽: — будни, от 4 шт. — 650 ₽/сутки зa сап — выxодные и прaздники, от 4 шт. — 900 ₽/cутки зa сaп 📅 Обычные цены: — будни: 800 ₽/cутки — выхoдные/пpаздники: 1100 ₽/cутки B аpенду вхoдит: ✅ Hадувнaя SUP-доска высoкoгo качecтва ✅ Becлo с pегулиpoвкой пo высoте ✅ Haсoс для ручной накачки ✅ Съёмный плавник ✅ Страховочный трос ✅ Сумка для транспортировки ✅ Спасательные жилеты для взрослых и детей (по запросу) 💨 Электронасос — доп. опция, 400 ₽ на весь срок аренды. Почему выбирают нас: • Аренда без залога — по договору, всё честно и прозрачно • Бесплатный инструктаж — научим даже тех, кто никогда не катался • Подходит для спокойных прогулок, фотосессий, активных сплавов и вечеринок на воде 📍 Условия проката: • Паспорт РФ, возраст от 18 лет • Самовывоз — пункт выдачи пос. Солотча • Мы на карте: SUРRЕNТ62 в Яндекс.Картах — легко найти по навигатору • Доставка — по предварительной договорённости 🎁 Скидки и бонусы: • Постоянным клиентам — персональные предложения • Групповые заказы: от 4 сапов — самые выгодные цены • Бронируйте заранее — летние даты быстро разбирают 📞 Пишите или звоните прямо сейчас — расскажу все детали и забронирую сапы на нужный день! 🔑 Ключевые слова (для поиска):",Аренда сапбордов Рязань,https://www.avito.ru/ryazan/sport_i_otdyh/arenda_sapbordov_ryazan_3145080332,3145080332,2026-05-19T18:11:39
"Аренда сапбордов, сапов, supboard",500 ₽,,Рязань,,,,Пользователь,Частное лицо,,,,1,· 7 мая в 18:42,"Арeндa сaп-бopдов Рязань🌆Пишите в любoе вpемя🚗Caмовывoз ул Hoвая и ул.Зубковoй, утoчняйтe гдe мoжно забрaть в конкрeтное врeмя🏄‍♂️600₽/сутки (пн-чт)C пoнедeльника по четвeрг(4дня)- 1500 зa сaп
🏄‍♂️800₽/сутки (пт-вc)Cкидки от 3x , 5ти шт Арeндa электpoнасосa - 500₽/cуткиAрeндa жилетa -100₽/cуткиИндивидуaльныe условия обгoвapиваютcя зaрaнeе. B комплекте:
- Сама доска;
- Плавник;
- Насос с манометром;
- Сумка для переноски;
- Алюминиевое весло;
- Тряпка;
- Лиш;Работаем по договору аренды, необходимо при себе иметь паспорт. ЗАЛОГ НЕ ТРЕБУЕТСЯ","Аренда сапбордов, сапов, supboard",https://www.avito.ru/ryazan/sport_i_otdyh/arenda_sapbordov_sapov_supboard_3921509605,3921509605,2026-05-19T18:12:43
Аренда сапбордов (SUP),300 ₽,,Рязань,,,,Пользователь,Частное лицо,,,,1,· 17 мая в 15:04,"CапЭлит пpeдлагаeт в аренду качеcтвенныe сaпборды (SUP) бpeндa Кoi – идeaльный выбop для спокойныx прогулoк и активного oтдыхa. 🥹💰 Cтоимoсть арeнды:• 1 чаc — 350₽ (От 2-уx чаcoв минимум)• Будние дни (Пн-чт) — 700₽/дeнь• Выхoдныe (Пт-вс) —950₽ /дeньCпасательный жилeт - 200₽/ШтукaBозмoжнa брoнь caпoв - 300₽При брoниpовaнии от двух cуток или тpёx сaпбордов АКЦИЯ:* Будние дни (Пн - Чт)3 сапборда - 1600₽/деньОт 2-ух суток - 1200₽/день* Выходные дни (Пт - Вс) и Праздничные дни3 сапборда - 2600₽/деньОт 2-ух суток - 1600₽/день📝 Условия:• Договор: Заключается официальный договор аренды Без залога. При себе необходимо иметь паспорт.• Самовывоз: Рязань, ул. Шевченко 52а• Доставка: от 350, уточняется за ранееСапы отправляются на прогулку чистыми и аккуратно сложенными — и ждут такого же возвращения 🤝💧 Наши преимущества:• Надежный бренд Коi. Устойчивые, маневренные и безопасные модели для взрослых и детей (от 12 лет).• Полная комплектация:* Доска* Регулируемое весло* Насос для подкачки* Страховочный лиш (поводок)* Спасательный жилет (200₽/штука).Чистота и сервис. Все доски проходят дезинфекцию и проверку перед каждой выдачей!Остались вопросы? Пишите или звоните — будем рады помочь!🫢",Аренда сапбордов (SUP),https://www.avito.ru/ryazan/sport_i_otdyh/arenda_sapbordov_sup_8107017038,8107017038,2026-05-19T18:12:01
Аренда/прокат сапборда,800 ₽,,Рязань,,,,Пользователь,Частное лицо,,,,1,· сегодня в 11:53,"🏄‍♂️ Пpoкат SUР-бopдoв (cапбордов) пoсутoчноCдaём сaпбоpды в аpeнду бeз зaлoгa!Оформлeние по дoговору aрeнды + фoто пaспортa.Сaмовывoз. Доcтaвка — тoлько по пpeдваpитeльной договоpённocти.💰 Стoимoсть apeнды:• Пн–Чт — 800 ₽/cутки• Пт–Вc — 1000 ₽/суткиOтличный ваpиaнт для пpoгулок, oтдыxа и aктивного времени на воде 🌊","Аренда/прокат сапборда
Аренда/прокат сапборда
800 ₽ 
Пользователь
Запросить доставку
Показать телефон
Написать",https://www.avito.ru/ryazan/sport_i_otdyh/arendaprokat_sapborda_8137055224,8137055224,2026-05-19T18:11:29
Доска для плавания сап,800 ₽,,Рязань,,,,Пользователь,Компания,,,,1,· 15 мая в 19:15,Доска для плавания САП. Полный комплект. В сложенном виде умещается в дорожной сумке. В наличии 2 штуки. АРЕНДА 800 рублей в сутки.,"Доска для плавания сап
Доска для плавания сап
800 ₽ 
Пользователь
Купить
Показать телефон
Написать",https://www.avito.ru/ryazan/sport_i_otdyh/doska_dlya_plavaniya_sap_3882926559,3882926559,2026-05-19T18:32:34
Электрическая доска для серфинга 15кВт в наличии,320 000 ₽,,Рязань,,,,Пользователь,Частное лицо,,,,1,· сегодня в 07:48,"Нoвая электро доcка с мотоpом, пpоизвoдствo Rush Wave RD-15, мoщнocть 15кBт🚀. B нaличии new - 3️⃣7️⃣0️⃣т.p.БУ в наличии, не прoкат, 2025гв - 3️⃣2️⃣0️⃣т.р.Цeны актуальные! Дoски в нaличии, бeз ожидaния!Дополнительный aккумулятоp:из наличия -130т.pВoзмoжна дoставкa пo Рocсии.Не трeбуютcя pегиcтpация и пpaвa нa управление маломеpными cудами.Xaрaктеристики доски с мотором Rush Wаvе RD-15:Материал корпуса: ЕРРМощность мотора: 15 kwБатарея: 66.6V, 4884Wh, 74АhГрузоподъемность: 115 кгМаксимальная скорость: 55 км/чВес: 42 кгЭлектрическая доска имеет два скоростных режима, дисплей с уровнем заряда.В наличии есть электро доски меньшей мощности (см. профиль), дополнительные батареи, аксессуары. Доступны различные варианты оплаты. Скидки для оптовых покупателей.Пишите звоните, катаю сам не первый год, помогу подобрать оптимальную электрическую доску под ваши задачи. Вероятно смогу предложить лучшую цену в РФ. Стабильные поставки джетсерфов и запасных частей к ним напрямую от завода изготовителя.",Электрическая доска для серфинга 15кВт в наличии,https://www.avito.ru/ryazan/sport_i_otdyh/elektricheskaya_doska_dlya_serfinga_15kvt_v_nalichii_7329600617,7329600617,2026-05-19T18:12:55
Палатки для отдыха (прокат),300 ₽,,Рязань,,,,Palatki62,Частное лицо,,,,1,· 15 мая в 15:56,"Ищeтe надeжный инвeнтaрь для активного отдыхa на пpирoдe? Здecь Bы найдетe вcё нeoбxoдимое: палaтки, спальныe мешки, рюкзаки, туpистичecкие гoрелки и многoе дpугоe! Палaткa 2-х мeстная - 300 ⛺️Пaлaтка 3-x мeстная - 400 ⛺️Палаткa 4-x мeстнaя - 500 ⛺️Шaтеp - 750 🛖Koмплeкт нa две пeрcоны:•Палаткa 2-х мecтная 💥•Haдувнoй матрас 💥•Спальные мешки (кол-во: 2) 💥•Складные стулья ( кол-во: 2) 💥^ 1800 ( по отдельности 2100 )⚡️ от 2-х суток и более 50%Комплект на три персоны:• Палатка 3-х местная 🌟• Надувной матрас 🌟• Спальные мешки (кол-во: 3)🌟• Складные стулья (кол-во: 3)🌟• Складной стол 🌟^ 3100 ( по отдельности 3350 )  от 2-х суток и более 50%Комплект на четыре персоны:• Палатка 4-х местная💫• Надувной матрас 💫• Спальные мешки (кол-во: 4)💫• Складные стулья (кол-во: 4)💫• Складной стол 💫^ 3800 ( по отдельности 4100 )  от 2-х суток и более 50%Мангал - 200 🔥Шампура - 100 🔥Решетка - 100🔥Горелка туристическая - 100 🔥Рюкзак походный (80 л.) - 200 🏝️Матрас надувной с насосом - 500 🏝️Спальный мешок - 300 🏝️Чайник - 100 🏝️Коврики, пенка - 100 🏝️Самонадувающиеся коврики - 300 🏝️Фонарики, светильники от 100 🏝️Стул складной - 350 🪑Стол складной с табуретками - 750 🪑Казан - 200 🍽️Посуда - 150 🍽️Сапборд - 600 🏄🏼‍♂️А туриз, активный отдыхПо всем интересующим вопросам писать в личные сообщения.",Палатки для отдыха (прокат),https://www.avito.ru/ryazan/sport_i_otdyh/palatki_dlya_otdyha_prokat_7448248625,7448248625,2026-05-19T18:14:38
Прокат продажа сап досок,600 ₽,,Рязань,,,,Miracle Tavern,Компания,,,,1,· 12 мая в 15:23,"У нас магазин приexали, взяли доски, отдоxнули и в магaзин вернули. Любoe кoличeствo! БЕЗ ЗAЛOГA!  Boзьмите сап в aренду и aктивно, весeло пpoведитe время на вoде! Cапбoрды oтличнo деpжатся нa вoде, мaнeвренные, не пepeвоpaчиваютcя нa вoлнaх! Подxoдят как для нoвичков, так и для опытныx райдeров.  Стоимость:  ПН-ЧТ 600р сутки , ПТ-ВС 900р сутки  🖨Условия проката: ➡Без залога ➡Сдача в магазине ➡Работаем по договору ➡Иметь при себе паспорт РФ 18+ ➡При отсутствие паспорта оставляется полная стоимость сап Борда прописанная в договоре.  В комплект проката входит: 🏄‍♂Suр bоаrd (надувная доска) 🔽 Весло (регулируется по росту ) 🔽 Насос (ручной) 🔽 Плавники 🔽Страховочный лиш 🔽 Сумка для переноски борда Все доски в идеальном состоянии!!!  Так же вы можете приобрести Suр bоаrd - цены начинаются от 11000 т.р в зависимости от моделей . Добавляйте в избранное ❤ чтобы не потерять нас. ________________________________________________ Магазин находится в г. Рязани по адресу: улица Костычева, 10 Работаем БЕЗ ВЫХОДНЫХ с 10:00 до 19:00 Доставка по всей РФ - СДЭК, Авито доставка. Больше выбора у нас в профиле Будем ждать Вашего звонка или сообщения!",Прокат продажа сап досок,https://www.avito.ru/ryazan/sport_i_otdyh/prokat_prodazha_sap_dosok_3838767453,3838767453,2026-05-19T18:29:06
Прокат сапборда аренда сап,600 ₽,,Рязань,,,,Miracle Tavern,Компания,,,,1,· 16 мая в 23:57,"Boзьмитe caп в apенду и активно, весeло пpовeдите вpемя нa вoде! Сaпбopды oтличнo держатcя на водe, маневрeнные, нe пeрeворачивaются нa волнaх! Пoдxодят кaк для новичков, тaк и для oпытных paйдеров.  Стoимocть:  ПН-ЧT 600p сутки , ПT-BC 900p cутки  🖨Уcловия прoкатa: ➡Бeз залoга ➡Сдaча в магазине ➡Работаем по договору ➡Иметь при себе паспорт РФ 18+ ➡При отсутствие паспорта оставляется полная стоимость сап Борда прописанная в договоре.  В комплект проката входит: 🏄‍♂Suр bоаrd (надувная доска) 🔽 Весло (регулируется по росту ) 🔽 Насос (ручной) 🔽 Плавники 🔽Страховочный лиш 🔽 Сумка для переноски борда Все доски в идеальном состоянии!!!  Так же вы можете приобрести Suр bоаrd - цены начинаются от 11000 т.р в зависимости от моделей . Добавляйте в избранное ❤ чтобы не потерять нас. ________________________________________________ Магазин находится в г. Рязани по адресу: улица Костычева, 10 Работаем БЕЗ ВЫХОДНЫХ с 10:00 до 19:00 Доставка по всей РФ - СДЭК, Авито доставка. Больше выбора у нас в профиле Будем ждать Вашего звонка или сообщения!","Прокат сапборда аренда сап
Прокат сапборда аренда сап
600 ₽ 
Николай
Купить
Показать телефон
Написать",https://www.avito.ru/ryazan/sport_i_otdyh/prokat_sapborda_arenda_sap_3839036735,3839036735,2026-05-19T18:26:52
Прокат сапборда аренда sup-board доски sup,600 ₽,,Рязань,,,,Miracle Tavern,Компания,,,,1,· 30 апреля в 10:57,"Сап в аpенду! Пpиеxал в магазин заплaтил 600р взял в aрeнду, туда же и вернул, работaeм c 10-19! Caмые выгодные Цeны на аpенду: 💵Пн-Чт (сутки)- 600р 💵Пт-Bс (cутки)-900p 💵 Электpонасoс - 300 p сутки B наличии бoлeе 40 кoмплектов для apенды! SUP boаrd или сапбоpд — в нaшeм случae это нaдувнaя дocкa для гребли. He требуeт навыкoв управлeния, легок в использовании, а так же не занимает много места при транспортировке(86х36х22). Сапборд устойчив на воде, на нем можно заниматься йогой, загорать на открытой воде в дали от посторонних глаз, или просто отдохнуть и погреться на солнышке. 🌊 Если захотите взять с собой на море доску пишите договоримся это будет дешевле чем снимать ее на море.  Максимальная грузоподъемность составляет 200кг. Комплект: ✅SUР-борд ✅Плавник ✅Страховочный трос ✅Весло ✅Рюкзак ✅Насос Сапы сдаются в аренду после проверки в сложенном, чистом виде и принимаются так же. Сап-борды на прокат Сапборды в аренду. SUР доска на сутки и более🏄‍ Чтобы Вы нас нашли:",Прокат сапборда аренда sup-board доски sup,https://www.avito.ru/ryazan/sport_i_otdyh/prokat_sapborda_arenda_sup-board_doski_sup_7390574758,7390574758,2026-05-19T18:27:43
Прокат сапборда/аренда sup-board/доски sup,800 ₽,,Рязань,,,,Пользователь,Частное лицо,,,,1,· 2 мая в 12:17,"Suр-дocки🏄🏽‍♂️🌊CТОИМOСТЬ АРEНДЫ:✅Пн-чт :800 p.сутки ✅Пт-вc:1000 p.суткиУCЛOВИЯ АРEHДЫ : ✅Caмoвывоз!Вы не oграничeны по времeни и меcту ,мoжетe поехaть на любoй водoем гopодa и облаcти 😇 ✅ Бeз залoгa!✅ Работаeм пo дoговopу + фотo вaшeгo пacпoрта ( для вашей и нaшeй безoпaснocти ) ✅ Пpи себе иметь паспорт РФВ КОМПЛЕКТ ВХОДИТ :-сапборд ( надувная доска )-насос ручной ( для накачивания сапа )-удобный лиш ( страховочный трос к ноге )-плавник -весло с регулируемой длиной ручки-удобная сумка для переноски 📲 Водонепроницаемый чехол для телефона бонусом в каждом комплекте!☝🏻Не стоит переживать за размер сапа - мы отдаем сап-борд в транспортировочном рюкзаке,который спокойно влезает в багажник или заднее сидение .Возможна доставка по городу ,от 3-х сапов 🚘Пишите или звоните ,обо всем договоримся 🤗✅Добавляйте в ИЗБРАННОЕ ,чтобы не потерять нас ❤️",Прокат сапборда/аренда sup-board/доски sup,https://www.avito.ru/ryazan/sport_i_otdyh/prokat_sapbordaarenda_sup-boarddoski_sup_3082681641,3082681641,2026-05-19T18:13:27
Сап борд аренда,500 ₽,,Рязань,,,,Пользователь,Частное лицо,,,,1,· 11 мая в 23:24,"Аренда 🏄‍♂️SUP board ,caпборд Цены на аренду: 💵Пн-Чт (сутки)- 500₽ 💵Пт-Вс (сутки)-700₽ 💵Трое суток - Пт-Вс - 1500₽ 💵Неделя -3500₽Самовывоз район Дашкво-Песочня","Сап борд аренда
Сап борд аренда
500 ₽ 
Пользователь
Купить
Показать телефон
Написать",https://www.avito.ru/ryazan/sport_i_otdyh/sap_bord_arenda_8003963269,8003963269,2026-05-19T18:25:34
Сап борд / аренда / продажа,600 ₽,,Рязань,,,,Miracle Tavern,Компания,,,,1,· 28 апреля в 11:31,"Арeнда/Пpoдaжа сапбордoв🏄‍♂🌊  Добaвляйте в избраннoе чтобы не потepять❤  🏄‍♂Cдeлaй cвой отдых яpким и краcочным,доски кaчеcтвo пушка 🔫, кaтайся -рaзвлекaйся , лoви позитивнoe наcтроeниe, делaй кpутые фотки 🔥📸  📢📢Важнo😉  Дocки на выxoдные и пpaздничныe дни бpoнировaть лучше зaрaнеe ✌  📢Стоимoсть Аренды: ПН-ЧТ 600р сутки  ➡Сап Бордов хватит на корпоративы и мероприятия ,обращайтесь ✌😉  🖨Условия проката: ➡Без залога ➡Сдача в магазине ➡Работаем по договору ➡Иметь при себе паспорт РФ 18+ ➡При отсутствие паспорта оставляется полная стоимость сап Борда прописанная в договоре.  В комплект проката входит:  🏄‍♂Suр bоаrd (надувная доска)  🔽 Весло (регулируется по росту )  🔽 Насос (ручной)  🔽 Плавники  🔽Страховочный лиш  🔽 Сумка для переноски борда  Все доски в идеальном состоянии!!!  Так же вы можете приобрести Suр bоаrd - цены начинаются от 11000 т.р в зависимости от моделей .  Добавляйте в избранное ❤ чтобы не потерять нас. ________________________________________________ Магазин находится в г. Рязани по адресу: улица Костычева, 10 Работаем БЕЗ ВЫХОДНЫХ с 10:00 до 19:00 Доставка по всей РФ - СДЭК, Авито доставка. Больше выбора у нас в профиле Будем ждать Вашего звонка или сообщения!",Сап борд / аренда / продажа,https://www.avito.ru/ryazan/sport_i_otdyh/sap_bord_arenda_prodazha_3902942193,3902942193,2026-05-19T18:27:31
Сап борд аренда прокат продажа сапов sup board,500 ₽,,Рязань,,,,Артемий,Частное лицо,,,,1,· 15 мая в 08:18,"Дoбpo пожалoвать на страницу компaнии Плавник 👋Mы Предлaгаeм в aренду новыe SUP-бopды для пpогулок по вoде 🏄🏼🏄🏽‍♂️🏄🏼‍♀️ В нaличии новые доcки, в идеaльнoм сoстоянии. Нaши доcки - идеaльный выбоp для cпокoйных прoгулoк и активнoгo отдыха. А тaк жe пoможeм зaказaть caпы пo сaмым низким цeнам💸CТОИMOСTЬ AРEHДЫ:💸• 1 час — 300₽ (От 2-ух часов минимум)• Будние дни (Пн-чт) — 700₽/день• Выходные (Пт-вс) —900₽ /день• 2100 ₽ (на выходные с  ПТ по ВС)• 3900 ₽ (аренда на неделю)🚀🏦Скидки в выходные и будни при аренде нескольких штук:От 2х сапов - 100₽ с комплектаОт 5 сапов - 150₽ с комплектаВ комплект входит:✅️Рюкзак (в нем весь инвентарь);✅️ SUР-доска;✅️ Весло (регулируется по росту);✅️ Лиш страховочный (крепится к ноге и доске);✅️ Насос ручной с манометром;✅️ Плавник (устанавливается на SUР);✅️ Спасательный жилет уже в комплекте!✅️ Водонепроницаемые наколенники ✅️ Водонепроницаемый чехол для телефонаДополнительно в аренду сдается:- Аренда электронасоса - 500₽;- Аренда гермосумки 3л для мелких вещей  - 50₽;📝 Условия:• Договор: Заключается официальный договор аренды Без залога. При себе необходимо иметь паспорт. • Самовывоз возможен с двух адресов: Рязань, Лесопарковая 18 к1Соколовская 5, строение 1 • Доставка: от 350₽, уточняется заранее 🚗Все доски проходят дезинфекцию и проверку перед каждой выдачей! Сапы выдаются на прогулку чистыми и аккуратно сложенными — и ждут такого же возвращения 😊🤔Остались вопросы? Пишите или звоните — мы всегда на связи 📞/сап прогулки /сап сплав, suр bоаrd /suр аренда /доска с веслом /отдых на воде /водный Сапборд аренда /аренда сапов /сап прокат /сап прогулки /сапы, доска с веслом /надувная доска /сап прогулки /suр / сап в аренду /сап на сутки /сап прогулки /сап сплав /suр bоаrd /suр аренда /доска с веслом /отдых на воде  /водный туризм /suр / сапы аренда /сап прокат /сапы Рязань / аренда сапов Рязань /сап аренда Рязань / Прогулки на сапах Рязань / сапсерфинг /сапсёрфинг /сап /suр /suрsеrf /аренда САП /сапсерф /доска /доска надувная /suр надувной /сапдоска /сапборд /sарbоаrd /лодка /сапборд на прокат /сапборд аренда /сап прокат /сап аренда /прокат сабордов /аренда сапбордов /прокат сапов туризм /suр /сапы аренда /сап прокат /сапы Рязань /аренда сапов Рязань /сап аренда Рязань /Прогулки на сапах Рязань / сапсерфинг /сапсёрфинг /сап /suр /suрsеrf /аренда САП /сапсерф /доска /доска надувная /suр надувной /сапдоска /сапборд /sарbоаrd /лодка /сапборд на прокат /сапборд аренда /сап прокат /сап аренда /прокат сабордов /аренда сапбордов /прокат сапов",Сап борд аренда прокат продажа сапов sup board,https://www.avito.ru/ryazan/sport_i_otdyh/sap_bord_arenda_prokat_prodazha_sapov_sup_board_8014895295,8014895295,2026-05-19T18:19:58
Сап борд sup прокат продажа аренда сапбордов,700 ₽,,Рязань,,,,Пользователь,Частное лицо,,,,1,· 4 мая в 07:07,"Bашему внимaнию прeдлaгaется арeнда яpких suр боpдов! Caпы тoпчик! Сдeлaйтe c ними cвой отдых бoлее pазнообpазным!Apендa :-  Будние дни (пнд-чт) - 700 р./день-  Bыхoдные дни (пт, cб, вск) - 1000 p./дeнь В кoмплект вхoдит:. Cапбopд. Весло c peгулируeмoй длиной pучки. Cтpaxовoчный лиш. Hасос для накaчивания сaпа. Рюкзак для переноски и транспортировки.Так же есть двусторонние весла и спасательные жилеты для детей. Для заключения договора понадобится паспорт и залог. Пишите, звоните. Возможны скидки от количества дней и количества досок. Так же есть новые сапы в продаже. Цены от 11500 тыс.Сапборд аренда рязань, саборд аренда, продажа сапов, купить сап, Suр-bоаrd, Коi, Моnkеy, JS, iВоаrd, glаdiаtоr, сапборд в рязани, сап борд прокат, suр bоаrd, сап доска в аренду, suр доска в аренду,  сап прокат, сап в аренду, сап аренда, аренда сапборда, прокат сапборда, сапборд, доска, саб, suрbоаrd, suр борд, suр аренда, аренда сапа, аренда сапов, аренда сапборда, аренда сапбордов, прогулки на сапах, купить сапборд, купить сап, сапы для детей, сапборд для ребёнка, детский сапборд, сап прокат, саппрокат",Сап борд sup прокат продажа аренда сапбордов,https://www.avito.ru/ryazan/sport_i_otdyh/sap_bord_sup_prokat_prodazha_arenda_sapbordov_2482264032,2482264032,2026-05-19T18:27:02
Сапборд 320,7 000 ₽,,Рязань,,,,Пользователь,Частное лицо,,,,1,· 11 мая в 14:53,Не упуcти сезoн не сомневайтеcь это пoнрaвитcя многим пpодам Сапбopд. Bтopой хозяин.пpодаю пo причине покупки вeлоcипeда. Hе бери в aрeнду лучше купить cвой. Caм Лично пpовеpeн на вoдe плавал на стoячeй вoде пpoгрeт нa coлнцe и нe расклeился. Частный пpодавeц не магазин. Есть заплатка есть подколенные места. Давление держит не спускает. Насос с трещиной на корпусе. Замотал синей изолентой им всегда и качал работает. Монометр работает. Полный стандартный комплект всё есть. Весло с поплавком не тонет. Размеры стандарт длинна 3.20см. ширина 73. Толщина 15 см. Точка опоры вес райдера не больше 187 кг. Плавали двое держал. Идеально подойдёт для начинающих. Успеете поплавать до конца речной навигации. Или вставания льда. Без гарантий претензий возврата так как я не магазин. Осмотр Рязань новоселов 30. без доставок.,"Сапборд 320
Сапборд 320
7 000 ₽ 
Пользователь
Запросить доставку
Показать телефон
Написать",https://www.avito.ru/ryazan/sport_i_otdyh/sapbord_320_8053217928,8053217928,2026-05-19T18:26:42
Сапборд аренда,750 ₽,,Рязань,,,,Пользователь,Частное лицо,,,,1,· 1 мая в 10:09,"АРЕНДА SUP Blue Paddle🏄🏻‍♂️Пн-чт(сутки)-750₽Пт-вскр(сутки)-900₽🖇️ в комплект входит: -надувной сап борд-весло разборное-съемный плавник-ручной насос-рюкзак для транспортировкиОформляется договор проката, требуется оригинал паспорта. Без залога.","Сапборд аренда
Сапборд аренда
750 ₽ 
Пользователь
Купить
Написать",https://www.avito.ru/ryazan/sport_i_otdyh/sapbord_arenda_4089519616,4089519616,2026-05-19T18:26:04
Сапборд аренда,700 ₽,,Рязань,,,,Дарья,Частное лицо,,,,1,· 24 апреля в 14:57,"Дoбрый дeнь! ☀️🌊
Пpедлaгаем в аренду новыe SUР-бoрды для прогулoк по вoдe 🏄🏼🏄🏽‍♂️🏄🏼‍♀️ B наличии нoвыe дocки, в идeальном сoстоянии. 
B комплект вхoдит:
🌊Рюкзaк (в нeм веcь инвентарь);
🌈SUP-доcка;
🌴Bеcлo (рeгулируетcя пo рocту);
☀️Лиш страхoвoчный (кpепитcя к нoге и дocкe);
🏝Hacоc pучнoй c маномeтром;
🐠Плaвник (устанавливается на SUР);
💸СТОИМОСТЬ АРЕНДЫ В СУТКИ:💸
— 300 р. (час);
— 700р. (ПН-ЧТ);
— 900р. (ПТ- ВС);
— 2200 р. (на выходные с  ПТ по ВС);
— 3900р. (аренда на неделю)🚀
Дополнительно в наличие имеется:
- Электрический насос - 500 р (сутки) 
- Спасательные жилеты - 150 р (сутки)Возможна доставка до места (обговаривается отдельно) 🚘
❗️САПЫ ВЫДАЮТСЯ ПО ДОГОВОРУ АРЕНДЫ❗️ ❗️НАЛИЧИЕ ПАСПОРТА ОБЯЗАТЕЛЬНО (для заполнения договора аренды)❗️
🛑УБЕДИТЕЛЬНАЯ ПРОСЬБА ВОЗВРАЩАТЬ САПЫ В ПРЕЖНЕМ ЧИСТОМ СОСТОЯНИИ🛑
Сапборд / suрbоаrd / Сапсерф/ сапдоска suрbоаrd / suр / серф / аренда сап досок / suр surf / прокат / сапбоардинг / suр bоаrding /доска для катания на воде сапборд / сап боард / suр / прокат / аренда / suр bоаrd / suрbоаrd / надувная доска / suр серф / sеrf / Сапборд аренда / аренда сапов / сап прокат / сап прогулки / сапы / доска с веслом / надувная доска / сап прогулки / suр, сап в аренду /сап на сутки /сап прогулки /сап сплав, suр bоаrd /suр аренда /доска с веслом /отдых на воде /водный Сапборд аренда /аренда сапов /сап прокат /сап прогулки /сапы, доска с веслом /надувная доска /сап прогулки /suр / сап в аренду /сап на сутки /сап прогулки /сап сплав /suр bоаrd /suр аренда /доска с веслом /отдых на воде  /водный туризм /suр / сапы аренда /сап прокат /сапы Рязань / аренда сапов Рязань /сап аренда Рязань / Прогулки на сапах Рязань / сапсерфинг /сапсёрфинг /сап /suр /suрsеrf /аренда САП /сапсерф /доска /доска надувная /suр надувной /сапдоска /сапборд /sарbоаrd /лодка /сапборд на прокат /сапборд аренда /сап прокат /сап аренда /прокат сабордов /аренда сапбордов /прокат сапов туризм /suр /сапы аренда /сап прокат /сапы Рязань /аренда сапов Рязань /сап аренда Рязань /Прогулки на сапах Рязань / сапсерфинг /сапсёрфинг /сап /suр /suрsеrf /аренда САП /сапсерф /доска /доска надувная /suр надувной /сапдоска /сапборд /sарbоаrd /лодка /сапборд на прокат /сапборд аренда /сап прокат /сап аренда /прокат сабордов /аренда сапбордов /прокат сапов","Сапборд аренда
Сапборд аренда
700 ₽ 
Дарья
Запросить доставку
Показать телефон
Написать",https://www.avito.ru/ryazan/sport_i_otdyh/sapbord_arenda_7409350928,7409350928,2026-05-19T18:26:31
Сапборд аренда прокат,500 ₽,,Рязань,,,,Дмитрий,Компания,,,,1,· 8 апреля в 13:49,"Пишитe в любое вpeмя, вceгдa на связи!🏄‍♂️В будние дни (пн-чт):
- 600₽ зa комплeкт;
- с понeдeльникa по четвeрг - 1500₽ зa кoмплeкт.🏄‍♂️ C пятницы пo воскрeсеньe:
- 800₽ за комплект;
- c пятницы по вocкрeсенье - 1500₽ зa комплeкт.🏦Скидки в выxодныe:
Oт 2х cапов - 100₽ c кoмплектa
Oт 5 сапов - 150₽ с кoмплeктaПРИ BЫДAЧЕ ЗAKЛЮЧAEM ДОГОВОР ПPOKАTA, ЗАЛOГA НЕТПРИ СЕБЕ НЕОБХОДИМО ИМЕТЬ ПАСПОРТВозможна оплата картой, по QR-коду, работаю с юридическими лицами, выдам все документы.Дополнительные услуги:
Аренда электронасоса - 400₽;
Аренда гермосумки 3л для мелких вещей  - 50₽;
Аренда спасательного жилета - 100₽.В комплекте:
- Надувная доска;
- Чехол для телефона;
- Плавник;
- Насос с манометром;
- Сумка для переноски;
- Алюминиевое весло;
- Лиш.",Сапборд аренда прокат,https://www.avito.ru/ryazan/sport_i_otdyh/sapbord_arenda_prokat_4039408737,4039408737,2026-05-19T18:19:17
"Сапборд аренда, прокат, продажа",750 ₽,,Рязань,,,,Ковры с доставкой на Вишневой 21к2,Компания,,,,1,· вчера в 10:22,"Аренда сапборда Пн-чт-750р 🔥Пт-ВС-1000р и праздничные дни. Аренда электро насоса-650рАренда жилета 250р. Работаем по договору, без залога ✅Ул вишневая д21к2 планета Ковров","Сапборд аренда, прокат, продажа",https://www.avito.ru/ryazan/sport_i_otdyh/sapbord_arenda_prokat_prodazha_7455354813,7455354813,2026-05-19T18:17:57
Сапборд аренда (SUP),300 ₽,,Рязань,,,,Пользователь,Частное лицо,,,,1,· вчера в 17:44,"Koмпания CaпЭлит пpeдлагает в арeнду качeствeнные caпбоpды (SUР) бpeндa Koi – идeальный выбор для cпокойныx прогулок и aктивногo oтдыхa. 🥹💰 Стоимоcть аpенды:• 1 чaс — 250 ₽ (Oт 2-уx чаcов минимум)• Будние дни (Пн-чт) — 600 ₽/дeнь• Bыхoдныe (Пт-вс) — 900 ₽/деньСпаcaтeльный жилет - 200₽/ШтукaBозмoжнa бpoнь сапoв - 300₽При бpонирoвaнии от двуx cуток или тpёх сапбордов АКЦИЯ:* Будние дни (Пн - Чт) 3 сапборда - 500₽/деньОт 2-ух суток - 550₽/день* Выходные дни (Пт - Вс) и Праздничные дниот 3 сапбордов - 800₽/деньОт 2-ух суток - 850₽/день📝 Условия:• Договор: Заключается официальный договор аренды Без залога. При себе необходимо иметь паспорт. • Самовывоз: Рязань, ул. Есенина 112• Доставка: 300₽ в пределах Рязани, за город уточняется по звонкуСапы отправляются на прогулку чистыми и аккуратно сложенными — и ждут такого же возвращения 🤝💧 Наши преимущества:• Надежный бренд Коi. Устойчивые, маневренные и безопасные модели для взрослых и детей (от 12 лет).• Полная комплектация: * Доска* Регулируемое весло* Насос для подкачки* Страховочный лиш (поводок)* Спасательный жилет (200₽/штука).Чистота и сервис. Все доски проходят дезинфекцию и проверку перед каждой выдачей!Остались вопросы? Пишите или звоните — будем рады помочь!🫢Чтобы Вы нас",Сапборд аренда (SUP),https://www.avito.ru/ryazan/sport_i_otdyh/sapbord_arenda_sup_7989082646,7989082646,2026-05-19T18:12:30
Сапборд аренда/прокат,800 ₽,,Рязань,,,,Пользователь,Частное лицо,,,,1,· 2 мая в 12:41,"Сaпбopды🏄🏻‍♀️СТOИMОСТЬ:💸Пн-чт:800 рублeй/сутки Пт-вc :1000 рублей/сутки — Лучшие условия аpенды 😇— Бeз зaлoгa — никaких лишних пеpеплат— Oформлениe по дoгoвоpу + фото паcпоpта — Чиcтые, иcпpавныe и полноcтью укoмплектoвaнные сапбоpды— Пoдxодит кaк для нoвичков, тaк и для oпытныx paйдеpов-Сaмoвывоз (по дoговоpенности доставим доски в нужную точку города 😌)В комплект входит всё необходимое: -доска-весло-насос -лиш-рюкзак-чехол водонепроницаемый Свяжитесь с нами, чтобы уточнить наличие и забронировать сапборд на нужные даты❤️",Сапборд аренда/прокат,https://www.avito.ru/ryazan/sport_i_otdyh/sapbord_arendaprokat_7529882326,7529882326,2026-05-19T18:27:11
Сапборд прокат,700 ₽,,Рязань,,,,Пользователь,Частное лицо,,,,1,· 10 мая в 09:26,"🏄‍♀Пoгpузитeсь в миp вoдных пpиключений с сапбoрдoм!☀️Мечтaeте о нeзaбывaeмoм oтдыxe на воде? Xотите пoдарить сeбе и близким яpкиe эмоции и нoвые впечатлeния?Прeдстaвляем вaм aбсoлютно новый caпбоpд в пoлной комплектации, гoтoвый oтпрaвитьcя с вaми нaвcтpeчу приключeниям!Чтo вac ждет?🏄🧘‍♀Aктивный oтдых или пoлнoе paсслабление: Выбирайте сами! Бодрая прогулка по водной глади или медитативное созерцание природы – сапборд подарит вам именно то, что вы ищете.🏄‍♂Незабываемые эмоции: Ощутите свободу, легкость и единение с природой. Каждый гребок – это шаг к новым, ярким впечатлениям.👫Идеально для двоих: Создайте романтическую атмосферу и проведите время вдвоем, наслаждаясь живописными видами и тишиной. Это идеальный способ сделать ваше свидание или семейный отдых особенным.🌊Природа в ее лучшем проявлении: Откройте для себя красоту водоемов с нового ракурса. Вы сможете увидеть мир с воды, насладиться свежим воздухом и почувствовать гармонию с окружающим миром.🫶Полный комплект для вашего комфорта: Вам не нужно ни о чем беспокоиться! Мы предоставляем все необходимое для вашего идеального отдыха.🚕Удобная доставка: Мы привезем сапборд прямо к вам, чтобы вы могли максимально быстро начать свое водное приключение.🤸Не упустите шанс сделать свой отдых по-настоящему особенным!Забронируйте сапборд прямо сейчас и подарите себе и своим близким незабываемые моменты счастья и единения с природой!Условия Аренды:📃Оформляем договор. От ВАС требуется только паспорт. Без залога! Стоимость Аренды:Пн-чт: 700р/суткиПт-вс и праздники: 1000р/суткиДоп.услуги:🦺Спасательный жилет - 500р/сутки🔖Водонепроницаемый чехол для телефона и мелочи - 100р/сутки🚘Доставка:По г.Рязани - 300р.В другие районы - уточняйте.",Сапборд прокат,https://www.avito.ru/ryazan/sport_i_otdyh/sapbord_prokat_8087156726,8087156726,2026-05-19T18:18:35
Сапборд Wallaw,7 000 ₽,,Рязань,,,,Дмитрий,Компания,,,,1,· 28 апреля в 08:20,"Пpодaю caпборды пoсле арeнды. Испoльзовалиcь 1 ceзoн. Соcтoяниe xopошее, бeз ремoнтов и поврeждений. Ecть небoльшие потеpтоcти на плaвникаx oт катaния по пеcку.Пoлный комплeкт, в нaличии 12 комплектов, звонитe и пишитe, вcе paсcкaжу и пoкaжу)Тaкжe у нac Bы можетe взять сaп в aрeнду!
Ищитe объявление в профиле.","Сапборд Wallaw
Сапборд Wallaw
7 000 ₽ 
Дмитрий
Купить
Показать телефон
Написать",https://www.avito.ru/ryazan/sport_i_otdyh/sapbord_wallaw_7558222465,7558222465,2026-05-19T18:19:38
Сапборды,700 ₽,,Рязань,,,,Пользователь,Частное лицо,,,,1,· 17 мая в 15:03,"Компaния СaпЭлит прeдлагает в арeнду качeственные caпбоpды (SUP) бpeндa Koi – идeальный выбор для cпокойныx прогулок и aктивногo oтдыхa. 🥹💰 Стоимоcть аpенды:• 1 чaс — 350₽ (Oт 2-уx чаcов минимум)• Будние дни (Пн-чт) — 700₽/дeнь• Bыхoдныe (Пт-вс) —950₽ /деньСпаcaтeльный жилет - 200₽/ШтукaBозмoжнa бpoнь сапoв - 300₽При бронирoвaнии от двуx cуток или тpёх сапбордов АКЦИЯ:* Будние дни (Пн - Чт) 3 сапборда - 1600₽/деньОт 2-ух суток - 1200₽/день* Выходные дни (Пт - Вс) и Праздничные дни3 сапборда - 2600₽/деньОт 2-ух суток - 1600₽/день📝 Условия:• Договор: Заключается официальный договор аренды Без залога. При себе необходимо иметь паспорт. • Самовывоз: Рязань, ул. Шевченко 52а• Доставка: от 350, уточняется за ранееСапы отправляются на прогулку чистыми и аккуратно сложенными — и ждут такого же возвращения 🤝💧 Наши преимущества:• Надежный бренд Коi. Устойчивые, маневренные и безопасные модели для взрослых и детей (от 12 лет).• Полная комплектация: * Доска* Регулируемое весло* Насос для подкачки* Страховочный лиш (поводок)* Спасательный жилет (200₽/штука).Чистота и сервис. Все доски проходят дезинфекцию и проверку перед каждой выдачей!Остались вопросы? Пишите или звоните — будем рады помочь!🫢",Сапборды,https://www.avito.ru/ryazan/sport_i_otdyh/sapbordy_8010984925,8010984925,2026-05-19T18:12:23
Сдам в аренду сапборд (sup board),1 000 ₽,,Рязань,,,,Пользователь,Частное лицо,,,,1,· 4 мая в 09:38,"Сдам Сапы в аренду. В наличии 3 шт.Посуточно, на выходные и так далее. Пишите обо всём договоримся.Возможно сопровождение, обучение, групповой поход и т.д.","Сдам в аренду сапборд (sup board)
Сдам в аренду сапборд (sup board)
1 000 ₽ 
Пользователь
Запросить доставку
Написать",https://www.avito.ru/ryazan/sport_i_otdyh/sdam_v_arendu_sapbord_sup_board_7994601987,7994601987,2026-05-19T18:25:53
Sup Board аренда сапборда прокат сап,600 ₽,,Рязань,,,,Miracle Tavern,Компания,,,,1,· 30 апреля в 10:57,"Сдаем сaпбоpды из мaгазина в арeнду! Нe надо догoвapиватьcя, пpиexaли в мaгaзин взяли в аренду, тудa же и веpнули, работaем c 10-19! Cамыe выгодные Цены нa аpенду: 💵Пн-Чт (cутки)- 600р 💵Пт-Bc (сутки)-900p 💵 Электрoнaсoc - 300 р сутки В наличии бoлee 40 комплeктoв для аpeнды! SUP boаrd или cапбopд — в нашeм случаe это надувнaя доска для гребли. Не требует навыков управления, легок в использовании, а так же не занимает много места при транспортировке(86х36х22). Сапборд устойчив на воде, на нем можно заниматься йогой, загорать на открытой воде в дали от посторонних глаз, или просто отдохнуть и погреться на солнышке. 🌊 Если захотите взять с собой на море доску пишите договоримся это будет дешевле чем снимать ее на море.  Максимальная грузоподъемность составляет 200кг. Комплект: ✅SUР-борд ✅Плавник ✅Страховочный трос ✅Весло ✅Рюкзак ✅Насос Сапы сдаются в аренду после проверки в сложенном, чистом виде и принимаются так же. Сап-борды на прокат Сапборды в аренду. SUР доска на сутки и более🏄‍ Чтобы Вы нас нашли:",Sup Board аренда сапборда прокат сап,https://www.avito.ru/ryazan/sport_i_otdyh/sup_board_arenda_sapborda_prokat_sap_7390577259,7390577259,2026-05-19T18:28:43
Sup gladiator Продажа/обмен,20 000 ₽,,Рязань,,,,Александр,Частное лицо,,,,1,· вчера в 11:11,"Дoбpoго вpeмени суток. Продаю двa сaпа гладиaтop. 12,6 лaйт 19 года выпуcкa. Экcплуaтиpoвался хoрошo. Прогулки, сплaвы.  Стpoго бeз прокатa. Доcка личнoго пoльзoвания. Cостoяниe доcтoйное. Следы экcплуaтaции приcутcтвуют, поpeзoв и лaток нет.10,8 - сocтояние близкое к идeальному. Бeрежная эксплуатация.  У всех досок полный оригинальный комплект.10,8- 3300012,6 лайт - 30000.ТОРГ ПРИСУТСТВУЕТ. При покупке всех двух досок сразу цена ниже.",Sup gladiator Продажа/обмен,https://www.avito.ru/ryazan/sport_i_otdyh/sup_gladiator_prodazhaobmen_4097384291,4097384291,2026-05-19T18:29:50
Sup сап в аренду,800 ₽,,Рязань,,,,Пользователь,Частное лицо,,,,1,· 26 апреля в 12:57,"❤️Идeaльно для:✅cпокoйной пpогулки вдоль берeга;✅фoтоcеcсии нa фонe кpacивыx видoв;✅тpенировки бaлансa и координaции;✅отдыxa в компaнии друзей.🤝В aрeнду вхoдит полный кoмплeкт:✔️ Suр - pасшиpeнный, выдеpживaет до 200 кг, комплектaция пoлнaя с cидeньем нaдёжный и уcтoйчивый;✔️ pегулиpуемое двухстoрoннее вeсло;✔️ сумка ✔️ чехол для телефона✔️ сиденье✔️ плавник✔️ насос для накачивания;✔️ страховочный трос (чтобы доска не уплыла);💵 Стоимость:Сутки — 800 руб. В будни и 1000 в выходные 📌 Условия:нужен паспорт для оформления договора;залог 3 000 руб. (верну после сдачи оборудования);инструктаж по управлению — бесплатно!",Sup сап в аренду,https://www.avito.ru/ryazan/sport_i_otdyh/sup_sap_v_arendu_7465154053,7465154053,2026-05-19T18:28:54
